name,T1,T2,MV,Mbol1,Mbol2,a,M1,M2,Ar1,Ar2,L1,L2
TIC 116484192,5820.733430578674,5375.318123480166,5.202674142642264,6.568620723385438,5.314932651619167,1.6543419092159226,0.14465866443335285,0.6511925801474401,0.42577133702563996,0.8893262532566416,0.18388728920453062,0.5834812965842155
TIC 122891349,5928.4788093508805,5795.451931135312,4.275766211980412,6.101849245964368,4.36967440607136,2.083813127220658,0.14583167455248275,0.968585349981644,0.5088615004707382,1.1823511818993984,0.28265736211755593,1.3935746497625023
TIC 142619515,5256.226210589728,4836.847965643575,5.325185540973717,6.6120626818229224,5.226957271673978,2.0660497133995337,0.26838767030449584,1.3564012643799965,0.5117941950492731,1.1437725238161054,0.1766749297375814,0.6327280549099215
TIC 154875092,5851.532015332194,5553.738800785994,3.72922887400469,5.271927518482193,3.8393436815129123,2.969854321793676,0.42285646789691084,2.192839801635721,0.7654755304477417,1.643676514581367,0.6070563308214895,2.2712373810688242
TIC 166853161,5802.685232813194,5356.382213385522,4.8231658114235625,5.869786084320991,5.071947854606925,2.0247588688080995,0.3312988914943585,0.930019201771709,0.5910724871145239,1.0016668422140913,0.35001412128506265,0.7298285663469594
TIC 193728983,5508.218763928893,5342.437321512758,2.6012390210669674,3.643031634561784,2.822095542293364,5.825209472408548,3.5924788099536658,9.210711625041625,1.8290572513864474,2.837644638866577,2.7213684541250656,5.796445850164669
TIC 1981434198,6574.607888699965,6006.637883140674,4.667058794406493,5.788678643536214,5.043221000426013,1.4954801477105555,0.11658602388499548,0.3620758275187047,0.4779478864284528,0.8071400277744878,0.37716253197168487,0.7493963954434569
TIC 219109908,5725.999519427687,5791.868376965364,2.974072364232474,3.1034931976994367,4.583375388781518,3.95920056782729,3.863353973185441,0.7747978858458388,2.16997501342471,1.0728612062984597,4.473039372420884,1.1445897291270377
TIC 219750638,5979.995059285783,5926.057779363163,3.1820415730092533,4.074767492384507,3.6548220558630016,3.6817538237695615,1.5660517869679582,2.473639978308087,1.2720402054661,1.5716643885148647,1.8284917410222752,2.691975962732828
TIC 237278994,6430.52064197999,5745.439543085259,4.0767425982981615,5.627861040847555,4.25188217718122,2.1866670915600803,0.16602599817048297,1.0269970504300712,0.538011434137013,1.2700857210086323,0.43737663972195134,1.5532706251926727
TIC 26970485,7295.684657895195,6290.394427486849,1.8050572719641238,2.592666518206232,2.464391783113162,4.6459046780809805,1.629167021572425,3.1560042947795957,1.6911828860642917,2.413358690579436,7.160335844823745,8.058297312955016
TIC 271594955,5828.080669959673,5737.884550101906,3.1246202633594313,3.38475182221804,4.377871226240324,3.7132352341168398,2.9763925512207674,1.0774899733516694,1.8401554562702584,1.2016503864088728,3.4522264137283702,1.3830934018829657
TIC 340782794,5843.1706364472575,5742.963050465477,3.546478598827658,4.7918049732305334,3.797793475097018,3.252890746822316,0.8299618733008776,2.3743289426395844,0.9576302457075513,1.5668421565995845,0.9446654040130192,2.3598402808311256
TIC 167338355,5013.3773022904215,4701.515144478213,4.979873815374204,5.700480058548275,4.974117155125626,2.8341223194287837,1.1534991189287698,2.519987542851132,0.8560501239784868,1.3600562712010538,0.4090797450204445,0.7986438247116241
TIC 78002882,6160.519492068721,5601.703893222841,2.975095110390358,3.0467670673636134,5.106262014562143,3.3966120257142114,2.5677214597021982,0.362029741504684,1.9242783851717788,0.9014949282372106,4.712953697587455,0.7071233757375354
TIC 388105497,5784.201875888965,5288.617065287511,5.776197116566089,6.385706989832645,6.342875904826735,1.3161657474701292,0.21282106913664234,0.28660936031234635,0.46905925043656593,0.5722641790830332,0.21762921927429452,0.22638603755735565
TIC 141179506,6518.700674147207,5688.552955682604,3.5579533559896417,4.636329563800718,3.9073999695423263,2.885911622689149,0.5258705266353136,1.7215535803608624,0.8265478399397275,1.5183517085773035,1.0901046055367127,2.133241442733863
TIC 231629787,7682.566090312192,7329.473329895103,5.392371479904209,5.573603349652147,7.425451606556919,0.7185497941849562,0.05999527647206229,0.010141033866314701,0.38647615801750584,0.18097564287232973,0.4597890880315101,0.08352555255991095
TIC 293619461,6434.9970841331215,6690.425436096526,4.594766600614184,4.921872282465401,5.920485535244197,1.3302271570883633,0.25700473533118545,0.07064935227419382,0.7436778076249906,0.4343615860454331,0.8380136390257663,0.3340456232585786
TIC 320536498,6696.030497174167,6525.756941343436,3.1359151434760353,3.547764185805877,4.2854837323778945,2.8704025443331957,1.2489302522963435,0.6317920306158085,1.2932077660036738,0.9693875833511476,2.970943041681858,1.5059359710457598
TIC 429973546,6060.316243862295,6140.364631937734,3.9631138251400753,4.163275399042664,5.500973475715866,2.2826854608967238,1.0480140053727747,0.2512604982767619,1.1890779684308272,0.6255657587152819,1.685348971651804,0.4915985686493938
TIC 431481388,5282.569476522286,4984.209402157784,3.750741220581885,4.576887720257759,3.982464223501778,4.115168272482968,2.1898154228838465,4.826838548543688,1.2935642598118429,1.910603558259739,1.151449543385269,1.9907389354868348
TIC 426872743,5382.328870275874,4550.524285248645,4.955301692835661,6.113693080957388,4.767350622901236,2.642968777049214,0.38384198238446177,2.5673906238404727,0.6140120723345046,1.5968458341266656,0.27959072974332144,0.9661837987582498
TIC 140627676,7610.701501265107,7295.5994863632495,2.1310868851600397,3.439623652043447,2.507768046497796,3.360730529011515,0.5017644897350986,1.550937712411446,1.052160222497248,1.758654022200388,3.282090402605324,7.742706223138013
TIC 115412010,5115.86129989183,4629.28105774148,4.741912507782196,5.8459293781739055,4.5556977012118995,3.0860868408281776,0.7809849944242944,3.548008236127603,0.7688340137098028,1.7009413893001228,0.3577900416702903,1.1741428005897752
TIC 182894226,5515.325843880549,5104.832382535736,3.1659227415357467,4.3136370751023465,3.2629559439630493,4.913041613755472,2.0908439647156416,7.449166376211492,1.339634183898484,2.5368911019426914,1.4673886986571862,3.862047602039242
TIC 193553960,5919.143907308186,5632.528154710013,3.0975900994678387,4.819994098823697,3.1942103418529313,3.9117001400454416,0.6608108468055884,4.029540871183594,0.921169117918567,2.1508354021554057,0.9204545745797683,4.114488599007502
TIC 197933923,6603.3075793713215,6524.839861193963,2.211599963122089,2.597663866842587,3.393298289116826,4.0640043419529945,2.619659972379045,1.1240846071062554,2.0596819342249932,1.462367796720127,7.127454495189151,3.4251585866154324
TIC 231075361,5449.621418977654,4903.553005940884,4.439977486153347,5.642487955046014,4.39040043871334,2.948391549277574,0.6026037345766911,2.75937876307243,0.7440904483541777,1.6358902005777651,0.4315238640460902,1.3672244760291992
TIC 286169068,7791.723553141888,7715.654244367244,3.0879120808804847,3.44809807368883,4.461024661938831,2.061376116587442,0.5031870630414741,0.18067334417453706,0.9999293160078978,0.6395957058949598,3.2565726451106167,1.2811209559450516
TIC 320268279,6496.1831470279885,6628.762234450171,2.6505807702414295,3.067962402453974,3.779869157387465,3.4771383253402384,1.9341948683084513,0.8408697005696855,1.7137480975255992,1.18581590816846,4.621841406139288,2.3991220209927264
TIC 406732815,5030.752120546534,4821.66663576593,5.99401059231129,6.879989790450443,6.032749490301669,1.6523285393994094,0.30204365234076735,0.7722789309575977,0.49384673993612405,0.7941668010946877,0.13803972448901378,0.3012313747906492
TIC 41994216,5328.4276321344005,4624.345062063039,4.942187602752567,5.936632935457429,4.826641134340953,2.6749265693446604,0.5639381094481666,2.4802904399725842,0.6797218901906901,1.5046216068599738,0.3291143553499641,0.9148366318064481
TIC 23936839,5182.96945479883,4871.876612702395,5.2222079530966425,6.244464077835892,5.2103296553858005,2.2044755762857164,0.43822833406457135,1.4590349144097121,0.6234560917918818,1.136050127548007,0.24786452213428709,0.6424926116311032
TIC 326242641,6429.418572231886,6492.941302174979,3.752628744718721,4.088073063083822,5.047893762838879,2.230302160096223,0.8257647033727634,0.2920581038698499,1.0936993995818434,0.6892777839922092,1.8062205320215905,0.7461780936861444
TIC 353565609,5314.151566904005,5065.133145416901,3.5383086132731734,4.664894458772941,3.6232077457542218,4.326126268543242,1.7432521355145374,5.77054392315886,1.2274652940595911,2.182894295727592,1.0617987665213118,2.771512883040943
TIC 408256672,5107.747415641417,4873.811932936383,5.621660816296782,6.517809212252964,5.670691079888452,1.9161656026295826,0.413334611139411,1.0390656424934552,0.566024616607917,0.918290808382781,0.19269760418762052,0.4204589176867757
TIC 436660156,5385.823155672776,5369.593521634775,3.085633886927382,3.1199788463177573,4.614818428618813,4.506983234298741,5.909281771236828,1.2319621816701587,2.4341987747949227,1.230295625244933,4.405634470357189,1.1119176615297506
TIC 441810703,5735.820570612717,5195.3311408155405,4.172248987246292,5.10402507846831,4.430513471150119,2.864806256341142,0.7688941734994854,2.0140489325443736,0.8607159621271506,1.4306283437804097,0.7085817598191623,1.3176334501666338
TIC 457172621,5748.191549122553,5744.471735546222,2.6356392386231366,3.01930676509809,3.608860835677251,4.7963195655791,4.7400755628204125,2.5016367422494215,2.2383715146672203,1.7083766470773731,4.83367330160721,2.808378669203429
TIC 56001210,6348.981723415926,6500.814696588512,3.5604870988110164,3.7810952253688574,5.161441071334463,2.3786930721989146,1.0369718396987615,0.22274654280781347,1.2918996729047776,0.6525776554155491,2.396414340740312,0.6720840232049042
TIC 434106760,5537.443875743871,5252.767298531043,5.121269092592795,6.342427523869675,5.258306154045881,1.8424532341545288,0.22970575328248366,0.8358544591316787,0.5220977328604197,0.9559131433509916,0.2264795484401527,0.6147202762950154
TIC 120499528,5933.877777544679,5604.362664559619,3.6905546930561783,4.902926390091311,3.9298841038930745,2.9696284172461853,0.5982033248383646,1.9783700071121058,0.882253755365545,1.5481987195721585,0.85276515050004,2.089519163125393
TIC 121108244,5032.934421568403,4772.313009606349,3.337779845490876,3.8192729307323914,3.6617607341455214,5.7043367776827685,6.820000134926576,9.129821904028377,2.0200348298473516,2.415716684571582,2.313613595703031,2.674827049119398
TIC 216977460,5875.230343983006,5655.253656298552,3.0748154108023735,3.701048888997111,3.7243869179367035,3.5009229950702654,1.5733277270204722,1.7598666251883708,1.565295774665396,1.6713770139966413,2.579766770576583,2.524906107358794
TIC 257525627,6732.243129426117,6615.329326581496,2.5888709860292503,2.7919707740471087,4.343792581599318,3.2592865768215247,1.865472356892367,0.3665054346406921,1.8119334759241867,0.9183210348716675,5.959525609491019,1.427193855805394
TIC 274676647,6373.119728004231,6547.734854352604,3.9105222100861505,4.1971795175289355,5.305845517214678,2.096020249397169,0.7626645881361981,0.2231241467188333,1.058561095971833,0.6018727963148935,1.6335340555840991,0.5883852717865188
TIC 276963370,6061.799443142426,6124.321944673652,3.647628066982989,3.9016763999140722,5.020160775702134,2.714213688441079,1.4764995459621384,0.45864694898281505,1.3406566915225189,0.7847075055565034,2.1445167368550413,0.7654832458402979
TIC 287174076,5413.791957511503,4959.044642354195,4.35806671675832,5.343756567509289,4.506854380486168,3.048566577352232,0.861817678125905,2.739614428548524,0.8651701926510592,1.5159646530290505,0.5681949545952799,1.2281693296627854
TIC 376939426,5979.989894452373,5784.803228859497,4.176559839998886,5.361275060100898,4.468038531599253,2.2766247557565222,0.36409524852514435,1.0348843975762596,0.703396292608635,1.1341515716470778,0.5591006227050382,1.2728715725616784
TIC 40083136,5214.8754842452745,4966.036279833171,6.029902069166354,7.346393923846109,6.029473304752725,1.410406292401806,0.11803730279682488,0.5593859751947687,0.37075696288751764,0.7497932910617914,0.08983435013760474,0.30214170672105367
TIC 410392940,5960.421878301574,5493.178046725899,3.78503787950802,5.560252836685107,3.8297591566677895,2.9140737304819067,0.2941250351957498,2.230430806523,0.6460281159703122,1.6875506022877522,0.4654776845571451,2.2913758806375935
TIC 418998975,4904.934586732743,4078.890821933321,5.190353060390517,5.299735406713822,5.240304397110516,3.050560082091237,1.9118355183591953,3.0545601875345194,1.0755793755910754,1.5984937624702245,0.5917058149718205,0.624997443864815
TIC 88465768,6981.781224486702,7235.19304396011,1.8418179823569982,2.1584333666188877,3.267256622084264,4.216255379803661,2.851643063765506,0.7757458053728158,2.2554688933156695,1.260388455050225,10.681362478255569,3.8467800155013117
TIC 9886075,5976.115920386712,5644.799410282815,3.9157341994772796,5.488450891991041,4.050260798340169,2.578911667063164,0.2828627080543099,1.5569579655940418,0.66424421794063,1.4437992104092996,0.4973013557385225,1.8702328487188529
TIC 159981348,5195.676681031849,4985.0976941885465,5.488072809257398,6.18248417184522,5.780515547276765,1.8794781679634842,0.4714461006372982,0.8306240551307347,0.638373598240948,0.8344600129336509,0.2624256800227924,0.38000891133800613
TIC 161825615,5379.053603650404,4364.173891357193,3.350189922139151,3.9627058827559614,3.3670580224796733,5.800367717204969,3.785514115616773,13.063531052545187,1.6554004398433764,3.3085697066189876,2.0272982565861004,3.5089468580732026
TIC 165458777,5654.457242689803,5451.904605142301,4.900495204919437,5.982648372487757,5.161176140607592,1.9150984266215518,0.3060417390001343,0.7933848261422282,0.5909414640622489,0.9279493303746671,0.31545735021696675,0.6722480385831139
TIC 199497213,6469.150196857768,6234.545948501527,2.927410474273433,3.3816649127560767,3.949613307591705,3.5262424523770717,1.9864587838428198,1.2322521978028447,1.4956450421197154,1.2397201654394268,3.462055572973602,2.051892844435034
TIC 20212631,5761.263291674195,5264.56226987248,4.824547491533828,6.58252833084027,4.8186648724162575,1.932785187544257,0.11573569297514415,0.9819695579504153,0.4318320528204045,1.1651946415994474,0.18154682899279045,0.9215821429208743
TIC 231922739,5892.703558696515,5516.440596274389,3.877779349684996,4.945382108989031,4.170830476783192,2.9507297158634493,0.7380346176502783,1.9779579463190333,0.8773045418142312,1.430118418884429,0.8200628843911828,1.6736622064543516
TIC 33416807,5824.114721939773,5185.170906598962,4.955551843921358,5.708277173138946,5.348129359798067,2.0062671420417235,0.4318648304301411,0.8591621428427251,0.6320343912988183,0.9412477780337543,0.4061524999465351,0.5659111568672239
TIC 76305215,6652.938538746243,6534.976404494321,3.2549012811583173,3.503372087048679,4.828523997215832,2.6803856544401703,1.2600305110497396,0.34291636267709796,1.3370712388697845,0.7527714509701771,3.0949323832469666,0.9132515145261066
TIC 121009628,5012.644576153732,4680.1124145239155,5.094334879843322,5.86574562198198,5.056746952615144,2.6807180003926394,0.9427469051650154,2.3055291609427564,0.7935477032570967,1.3212774621639203,0.35131909165967373,0.7401184301031414
TIC 142587827,6584.3173659322365,6594.419722325037,2.7887463825649137,2.9495646697543423,4.679910976986878,3.110239326614228,1.8117242023857778,0.28246644732750625,1.7616577613109956,0.7916270402028246,5.154352689748192,1.047214409017693
TIC 143100813,6190.489532587709,6167.410905798171,3.439194085999331,3.7172402731808485,4.7737909813026675,2.867298699334572,1.56984940662809,0.5361660520580832,1.3994518007835621,0.8667463512061868,2.5415806227381426,0.9604695646110748
TIC 250114673,6377.078285926268,6336.547689716901,4.300699675969534,4.3830468330361105,6.601225403358289,1.621458688933974,0.4835877121982761,0.04649625827468966,0.970516947424699,0.3539203142472391,1.3765160094580768,0.17844724141347715
TIC 271495349,6764.5368283950265,6760.155015240149,1.6047159630700385,1.9982144469325187,2.801772213078992,5.339400221114353,4.714843479054797,2.0114190370215104,2.586645821084141,1.788908942413167,12.379816894263682,5.905968343350509
TIC 271958272,5718.872641767101,5585.927573144043,3.398730221130056,4.023490852552467,4.009176218196071,3.804809616302256,2.3299888780686246,2.5150532300452313,1.4240884581770212,1.5025541860767548,1.916918545193719,1.942359046831061
TIC 353780788,5786.568500373711,5219.908716767319,5.256233224688303,6.343155504612996,5.434407646292767,1.750328554681161,0.2253942244244831,0.7367525576314506,0.47795024550306836,0.8925830618958096,0.22632774592268215,0.5226812745898161
TIC 365062319,5689.347608560033,4634.037327293954,2.900916127977995,3.9240897139256186,2.8115150224750343,6.296570798434235,2.8250703336602005,15.315127593732607,1.506305653196495,3.7899538985246486,2.100700382080976,5.853208451539138
TIC 370247078,6103.996893813771,5916.490355955247,3.786916324454422,5.070190363648131,4.06500715338498,2.63481801831853,0.4566951756834239,1.4107519842956675,0.7719502398958115,1.3053477789963404,0.7310109030821265,1.8450032633150466
TIC 375854100,4543.737917708909,4289.412028463935,5.391402678412222,5.681923017640912,5.20262525053993,3.1196464997251496,2.1705475341261193,3.5670092340096593,1.0511019380705178,1.4707383142900683,0.4161316926120842,0.6470679656755652
TIC 93053299,5942.503423072177,6109.755755393369,3.133849925427013,3.2236809223724583,5.104674065433995,3.2095156490821237,2.343950441746614,0.2831128793925875,1.9062546738446695,0.758356608590441,4.004309440764768,0.708158339366418
TIC 101645013,6740.599563650226,6854.7049065735655,2.4167948429576347,2.7465873279055484,3.7709083522074005,3.626361819171458,2.176953952478859,0.7008172895920418,1.845616506443374,1.1135168420815944,6.213911574397602,2.419004404473356
TIC 219176881,6871.14560261209,6778.046568325146,2.503893832601195,2.654951632471697,4.574753636387504,3.180471310911499,1.7751053578895797,0.23229414975238127,1.8527096243615542,0.7864953571175688,6.761130943017942,1.1537150167574861
TIC 268686130,7936.582106916986,7650.419486187662,2.4658319839100566,2.636467406891316,4.448557176950754,2.5473860969494813,0.8701544270181715,0.14632840311178402,1.400539876426491,0.6542956814550868,6.877221896160306,1.2959168274927113
TIC 345560724,6410.861969836935,6037.390254276623,3.807662749114117,5.522328643335628,3.9656700011466093,2.319120136306267,0.17754375605432754,1.1060391528509732,0.5682735019672229,1.3122708692924734,0.4820238671933916,2.0217711710709683
TIC 393943031,6595.252401325725,6583.661690986325,2.6641073819069288,2.8188452330671248,4.585706221305554,3.3152496844081925,2.0933243394923866,0.3244198676143289,1.8647649562669237,0.8294299833081797,5.813824353346794,1.142135186883072
TIC 50894724,6603.004796200789,6741.980383527841,3.178058919005185,3.5842679122864967,4.328998303830875,2.8077056385078647,1.2435732874041268,0.5452808765675293,1.3077332894481344,0.8901872245177562,2.8727169381069944,1.446773943438888
TIC 95525590,4480.9996749261845,4288.841669423739,6.437025868863498,6.683308747162666,6.187373419713658,2.0432100014238173,0.8783988451499979,1.5294010399530884,0.6814663454890422,0.934762487679523,0.1654537066711231,0.26124659103362546
TIC 34368383,5842.968437663999,5477.519575255109,3.568016050321231,5.011676433251372,3.697823765664735,3.3463607517294176,0.6208864892486138,2.896591129241057,0.8654731911841639,1.803529944428726,0.7714884466255735,2.5874412272034433
TIC 172274437,6306.673898504255,6471.508398886473,2.2243521127901773,2.3747495891678936,4.117590303613454,4.235128179468143,3.746009308878192,0.5116289205758696,2.5021037776200283,1.064944287080908,8.751856020460629,1.7577774087826092
TIC 18534775,5402.014720282396,5164.015372914495,4.185115506253794,5.234136088599652,4.3336902669308675,3.137399297007871,0.9536028782072958,2.719832150737569,0.9139390688239061,1.5140592848067185,0.6285582985749978,1.4405352608276731
TIC 198313291,5495.304971454504,5115.190620518698,4.658234740593121,5.91335830478077,4.738623780537273,2.4461171795754115,0.4070259012315768,1.6805773154009924,0.6459527142735629,1.2805825685332557,0.33624565270650225,0.9920886652449957
TIC 22017780,6070.67263453959,5984.259661526487,3.483461562840227,4.254500872169861,4.065764095232738,3.038784971352775,1.1161406361538815,1.4337441870457297,1.136271686160518,1.2755054212483634,1.5495287948486713,1.8437174321279945
TIC 250957384,6186.09096031174,6187.562595384103,4.12893500144021,4.2697238879127335,5.942316366545331,2.0147252238889486,0.8073424747223105,0.14467962949858484,1.0866222821441063,0.5027516481053953,1.5279545808705075,0.32739606356417744
TIC 260411041,7068.397326408081,7047.781663738016,3.238055552030975,3.3942143720448246,5.3480779451836735,2.1187597750643916,0.700515571068137,0.08610411367537911,1.2455787913844498,0.509489825121613,3.422269849972119,0.5659379560038025
TIC 284890361,6027.732474399794,5845.084928168023,4.179097448728389,5.397543288534893,4.470124487357221,2.2120857259963995,0.3282617410408554,0.9563320803877711,0.680831108661248,1.1098120555325672,0.5407327633847682,1.2704284332262652
TIC 74073423,5862.155995106707,5304.241639561124,4.646410711711084,5.887705825997569,4.799373645229447,2.1806322109457223,0.2916810564003214,1.1806069739896963,0.5743810190327912,1.158069588648399,0.3442846575873763,0.9381030369249008
TIC 164776925,5790.757691540383,5602.6286340560955,4.110041773063896,4.836284501937037,4.634937780520859,2.7166673713439033,0.9928249638804495,1.3243567332184278,0.9552747561638574,1.1196563769164556,0.9067471500062781,1.0915028846025234
TIC 355601553,6517.467533066522,5558.772532766991,2.9029640567227144,3.443662399656798,3.699837336952375,3.703541663325339,1.6384800379586097,2.0557401219293765,1.4320749708339244,1.7495675455345534,3.269904283053195,2.582647089198717
TIC 40534599,5928.546898560016,5729.276733344155,3.871537664683517,5.155462635257116,4.111404233656259,2.727487702146826,0.5062303743593771,1.633644640608099,0.7868046909920566,1.3626224522316221,0.675794955897869,1.767821073051536
TIC 66715008,6052.384659696666,6226.376719916454,3.2966193030533706,3.563494954011601,4.634319756121598,3.208358759364903,2.1329879723582503,0.6603858148759153,1.5714622495471444,0.9068203312771862,2.9282086444715794,1.0921243683841664
TIC 198408416,5167.445199861311,4772.844581091961,3.7587644841070604,4.257512593929618,4.0952012524988675,4.479292904196396,3.6661635371120602,5.410638448209492,1.5660358831181969,1.9781587957207416,1.5452365155595504,1.794400985117075
TIC 1973623,8849.3650067099,6827.737013760616,5.652945764187434,5.6926394603120265,7.928412604412404,0.5166875868425447,0.02410560070679615,0.004713832715239628,0.2757426072752506,0.1654321433181474,0.41204458952062456,0.052557531374697146
TIC 302125867,6540.176876644561,6371.7358244962725,3.4116628580608204,4.782305472560627,3.7074330893823393,2.5910840625740255,0.3528745957910859,1.1849213538853516,0.7677430699836276,1.3269478233630405,0.9529668883690398,2.5646420827333123
TIC 327755452,7121.224671178915,7373.644187715004,2.0771609613474746,2.2583980615683976,4.05675681157027,3.5330911153286433,2.0629372816350804,0.27321814686338364,2.0704607373297184,0.8436071863779326,9.741835130853566,1.8590765609890034
TIC 5637753,5130.590721846135,4904.262765068881,4.786803294916833,5.760593462818781,4.797103922844911,2.7774642452499076,0.8466273386252243,2.3639985784568283,0.7950648464430418,1.3560875856979397,0.3870460279437381,0.9400661846734323
TIC 5795305,6252.8298451818,5947.086536052398,3.6298241086171554,3.8396516818873345,5.219746031577206,2.60312091936986,1.3282230397021044,0.3672755735094204,1.2964997265275022,0.7590987300816117,2.2705931704885143,0.6369444934389968
TIC 89428764,6715.833487915888,6642.461814895135,3.590570609168749,3.7322687408132755,5.647685440873943,2.0948203509971615,0.7635396736476445,0.10684756571076255,1.1808708429836785,0.499644102902939,2.5066431050967917,0.4294630693433566
TIC 204327008,5589.882867425578,5131.12127904675,4.388998612647734,5.196548527949431,4.709218707147709,2.6839681374140403,0.7917117908801353,1.6952869391310186,0.8684420949410308,1.2899939877532471,0.6506996735018105,1.019324627463842
TIC 30631330,6001.934263968308,5792.553160414785,3.441726761110627,5.096031318507057,3.577306831395786,3.0570714964702033,0.3898022310627392,2.1651432744204415,0.7889822891378104,1.7047259198502234,0.7138179629321759,2.8911942230233816
TIC 72444850,5809.890621132397,5686.39083261441,3.0831253979486997,4.267419762381368,3.345957225484809,4.1351657742168815,1.488852787189539,4.021466119194975,1.2332073998712374,1.9678460985258424,1.5312006156423117,3.577808650740669
TIC 13070701,7363.824271497207,7254.443239271304,3.0957087882299232,3.237161675156152,5.368448730947882,2.108809900973327,0.6625733555441395,0.07178406521195545,1.2337206101382032,0.4763849874598689,3.9548983894241054,0.5554187127969457
TIC 167719897,7826.488087199533,6627.9086605243065,1.9778185135538413,3.595510490577204,2.2251024477171746,4.029289685830614,0.41212623457394565,2.9234096904196325,0.9260192864504966,2.427070927186541,2.8431240153688138,10.045210013799771
TIC 198560607,6032.241498631383,5869.33028231444,3.677374722612851,4.615969564595582,4.116450392443231,2.832312787145179,0.7860022835956167,1.4381430060127394,0.9743267677973794,1.295355014011102,1.1107393917773039,1.7596238631119918
TIC 294269932,6089.475700303192,5699.279705408939,4.0099491286676905,4.956576105844581,4.413891566965392,2.5303455604390277,0.5724565439679989,1.2293497014704267,0.8172989903021812,1.1979473487932673,0.8116514290951118,1.3379607497624015
TIC 349294422,5471.012029963796,5071.51517510577,4.5982196443859324,5.364122236813614,4.903996405428925,2.338603968960001,0.5747977177914162,1.2079246565845199,0.8392593731516087,1.2072056166738785,0.5576363877580871,0.851925146911468
TIC 421260279,6056.37131887174,6093.241017286622,2.8621449117345206,3.0978755820767665,4.27720622382374,3.8570289847773735,3.1888149469942877,0.9191486531337253,1.944714635019532,1.1161383447825968,4.496242922103028,1.517460903236158
TIC 69838619,7015.423299685893,7082.856680408933,3.4982567756051584,3.6458829718814214,5.661356350936849,1.8823189742195927,0.549190054209349,0.06029938283517439,1.1260861866202454,0.43668453196158896,2.7142310303709465,0.4240894411138181
TIC 405630560,5471.000547755083,4852.311590189332,5.5209998791724075,5.435102515453401,7.930066541172062,1.4561613131865356,0.5582000372533173,0.05505177432519015,0.8122729065135283,0.3272994808522093,0.5223468665635781,0.05247752975261983
TIC 49735506,5773.892201892764,5004.4860603361585,4.277159110384105,5.8019558987262,4.259516381113296,2.647400354057975,0.23710603021805726,2.04934785575509,0.6159244787258956,1.6681447889225018,0.3725783718360298,1.542387324708248
TIC 159510983,5604.5933691045975,5345.503528100313,4.371826850935768,5.4241255892863,4.597338159696137,2.60804728082732,0.6239080100082787,1.6429687853171577,0.7779338191193342,1.2514431173950216,0.5276546433628568,1.1299643350879964
TIC 100735916,6748.105283537029,6511.592486879753,3.2077091439661247,3.4830012866271485,4.694302493019672,2.6651117854316455,1.1732120195801952,0.3742079860520159,1.311873713968471,0.8065309944838014,3.1535482875073853,1.033425093427869
TIC 115906237,5954.845818116205,6068.38760750352,4.053920022651283,4.141420265056173,6.027774736413643,2.142178465008487,0.98695743853714,0.12493816151725654,1.2440301087922807,0.5025212301788257,1.7196176498036468,0.30261475900185764
TIC 115971584,6034.960516224271,5914.63388194495,4.020618472840711,4.187825759697352,5.658535519808273,2.2455206895197355,1.030604765515094,0.2338345432083824,1.18561031491182,0.627036972939154,1.6476679580321627,0.4251926925857726
TIC 141606986,5779.60354449307,5378.939534279574,4.066083888784052,4.933940175745762,4.422184509779266,2.896730894805338,0.9145023456456942,1.847657638235024,0.916794194466836,1.3397561537978844,0.8287507409593142,1.3277802243814287
TIC 150083410,5280.521114136931,4985.280689861908,4.506873509230536,5.385031099972747,4.707709645394467,2.9052453857763796,0.9739873079293813,2.3261937892727564,0.8922698126785306,1.3675235895700093,0.5470002943201355,1.020742368978441
TIC 156380098,5651.163844951772,5049.236578064157,4.040400047093976,4.948576892548334,4.277069046574813,3.1643128055536494,0.9394709630743227,2.625713140464605,0.9524996188006575,1.625514090297337,0.8176533924547417,1.517652638817738
TIC 185223458,5107.3739562183055,4817.414014555366,5.184996084850852,6.354735173142522,5.113690531541272,2.3297845838297375,0.4429861314221926,1.7648002141070185,0.6102582191503986,1.2147584741006994,0.22392672618277573,0.7023018094903638
TIC 263078276,4963.962919151062,4729.489413022356,5.058566974688217,5.783090797010062,5.050268283498559,2.7527606586595796,1.1438692214930182,2.325444563302659,0.8405833248813653,1.2976985374080445,0.3791086390876205,0.744547974684467
TIC 30028394,6151.833397636702,5965.72801952833,2.575797551613638,3.1164738393639078,3.401644848116511,4.517264352468966,3.255098967440478,2.657383126300982,1.8687537977123487,1.7426096630829142,4.4198798561543144,3.3989287497447225
TIC 419635446,6025.815622705824,5962.977741079039,3.3964423612715153,4.708775430716477,3.6591593842289942,3.1713395513907994,0.6985913837858139,2.104554406473056,0.935554781850106,1.5491652047798725,1.019740874827791,2.6812434358912705
TIC 81583239,7682.003919450541,6180.054672941995,1.6268084542606767,2.9756734812247556,1.9266837437914763,5.356365464410443,0.9862763499029814,5.862122936131931,1.2787105315102851,3.2028352822950574,5.031883846438017,13.222893574091502
TIC 71032040,5551.822875017705,5051.285232280449,3.205413015699813,4.603007592052688,3.210826551709288,4.6916656301318165,1.2665746175259287,7.1679456944422,1.1571329613138241,2.6539142815319563,1.1240793332737424,4.0519994647153785
TIC 121213501,6475.2411672393,6490.499615968187,2.394758840138884,2.629465768161684,3.981354582589682,3.8371365077605173,2.7551473850474513,0.6254383118862664,2.110818720495808,1.1272722431546862,6.9217146714102125,1.9927745446556768
TIC 158565141,5137.425967853192,4695.075764967551,5.223998449736166,5.816288984359686,5.335250519820576,2.4833937121453777,0.9486933479463323,1.7655380311711217,0.7728710449440425,1.1548369560371003,0.36769219081399823,0.5726638808332162
TIC 164775666,5754.7724429195405,5577.69403901176,4.4899955484261715,5.067863817806692,5.1613793535400685,2.2702202776603917,0.7871436167235766,0.7773734825919092,0.8694145679637045,0.8864836727264093,0.7325790131420574,0.6721222283622306
TIC 198457457,6997.891422272458,6389.24816578455,3.2338577940039794,3.8090108338523065,4.120614147458381,2.736826399374798,0.8625139537023484,0.8301150463540689,1.049831067871853,1.0910223408338011,2.335584941232589,1.752888698618875
TIC 248348545,6340.499353445128,6203.689155742418,3.4202003743414595,4.885884981421791,3.659058265570897,2.796858143242564,0.40719848458964875,1.5331888958145317,0.7788109798014801,1.4313448391833845,0.8662555047769172,2.681493161711276
TIC 257002707,6569.674209277888,6571.6920933834335,3.58428090443242,3.8638408678384506,5.028074659412138,2.1680397725108564,0.7535747534788159,0.2089803768413533,1.1614490063625977,0.679026371148968,2.2205658312518373,0.7599239572599202
TIC 398985393,5864.483734089024,5046.879737617872,2.7883273053389512,3.710301986717331,3.0352353758276696,5.563850622123702,2.9339330971507667,9.052537641184832,1.5643575325105687,2.8824580793090635,2.5578743406701308,4.763277129320483
TIC 417052182,6012.187785008422,5901.867993024776,4.548580138538608,4.620238621116086,6.6706708884562005,1.6775003559896464,0.5773010528204768,0.06824656080501931,0.9789109558238506,0.39513256764081156,1.1063805989520048,0.16739082299184876
TIC 452819172,7396.808835197895,6979.995455819251,3.121163526091662,3.2764110558789943,5.289611561247144,2.204683364498724,0.7387800993725421,0.1085962210523114,1.2008395587931204,0.5336093061910238,3.814482068388325,0.5972489233134899
TIC 388179896,5333.674345454879,4868.318507125891,4.602904098113886,5.417094572876899,4.728397103274709,2.929942996041244,1.0129417208290985,2.499199118746999,0.8617555340835588,1.4204259520546074,0.531082719965609,1.0014774127425616
TIC 41232835,5107.032827729805,4296.863509369217,5.951759940190403,6.650027386679498,5.671473436035819,1.9052725036442881,0.318359577829292,1.3022373711588664,0.5327374294340108,1.1810225310920097,0.17060393552145287,0.4201560539435915
TIC 137687487,6959.989790408873,4875.899595060797,1.9688459382103911,3.1064285164853245,2.017122291782023,7.626024360599953,2.3678156375315678,20.16831137817383,1.4667398067846997,4.9353961816091125,4.460962715092479,12.16609163617679
TIC 149837469,5623.559532793857,5357.121977633811,3.4638043055112044,4.473124482707613,3.7111692837135877,3.9836087586419033,1.6449742546211705,4.056333445454185,1.197315201334712,1.8739545792869645,1.2669229603927925,2.5558319007995185
TIC 167692491,6855.73565799292,6168.076605465567,3.0133844045378293,3.8693462314313267,3.5851746859299736,2.8600225381671915,0.5934773734790824,1.1814591577916413,1.0638456282387587,1.4980335232913442,2.209334668208393,2.870318734447624
TIC 193322682,5911.287498716083,5356.330958584475,4.219852131316585,5.225405194085763,4.50217975532244,2.6425952654885396,0.5974005718689099,1.6271607068087561,0.7663211011140739,1.302222602564332,0.6336331967731099,1.233468598849069
TIC 233904049,5727.698250032889,5432.592761817254,4.583021518412388,5.534627120348325,4.919330873241377,2.2555085241734467,0.49897152615507956,1.0910904976465348,0.7078973764171317,1.044661311580984,0.4765946379105055,0.8399774955230469
TIC 365056605,6484.663206780965,6390.94124084756,2.3728748506225683,2.730538551747421,3.606165685918822,4.320129296771467,3.358841679627156,1.4253999304067497,2.008969884841519,1.3819527700181413,6.3064445179271384,2.8153586365249756
TIC 382425148,6018.33893649899,5323.826443042358,3.7493400990428665,5.274140237506939,3.820404003047342,3.08739460466122,0.3893542078739812,2.5721350821360836,0.7228940578227058,1.8043775230020533,0.6058204161894963,2.311204629620691
TIC 398673007,6913.171247299782,7004.216136706238,1.6764921656335554,2.0015687734213197,3.068986527782743,4.918777945889149,4.112579108405297,1.2928570150319327,2.4727920878357983,1.4734642503987314,12.341629102961447,4.617483889869064
TIC 277104322,4994.34602932427,3917.2621094428987,5.092325348652855,5.162901926086054,5.214445706906108,3.0606546520487363,2.1080815484430313,2.722591065877968,1.1048882225836043,1.753886891550695,0.6711803442867417,0.6400615180883569
TIC 220654235,5633.263500323225,4687.185987218894,2.3358036799604687,3.1433889447895242,2.3803519640045128,7.833401399294642,6.244518383893669,21.874197545846123,2.201192709944099,4.518155991311997,4.311659158651602,8.70681294726357
TIC 123038007,7190.889829980183,7162.2651006883525,2.9872219680656977,3.1739692345757216,4.928649507984378,2.316560942749092,0.8117715409208218,0.12200991470669262,1.3319774427795386,0.5984464595976945,4.191913439714258,0.8327990034348118
TIC 140757590,6282.968554067989,6323.860795116546,3.039853798222567,3.2364107070104713,4.720318198857432,3.035897151074058,1.7953952456012507,0.3492091451338001,1.6952902860118981,0.844943646320803,3.9576348092473137,1.0089571456754944
TIC 152362660,6321.18460966808,6376.932902594548,3.327802838833821,3.6498639016054435,4.621301377597644,2.8233874458739567,1.424487857092417,0.5021006784756661,1.3844786366699848,0.8697050999484934,2.704297329924445,1.1052981648656215
TIC 241393039,5894.062333673444,5644.825604859217,3.6621192334462602,4.713323970399642,3.9937599287859067,3.1165414329102745,0.8669626415110941,2.078921400475196,0.9758020902153564,1.481845559969652,1.0154777494495597,1.9701351907410534
TIC 406954476,7778.781323539016,8037.864520782059,7.109745794117922,7.149343752686172,10.704613407590253,0.2587453860635731,0.006219286825729666,0.00011093898316453599,0.18245850452982731,0.0332393055661242,0.10771160539871726,0.004075253573955083
TIC 44797681,5921.493863630814,5075.8682395765345,3.259141269299369,3.8818860236297232,3.7630634932779783,3.8350229647254377,1.639276019144779,3.063321880550863,1.4178040587571668,2.038086481479399,2.183964579689033,2.4365459313781286
TIC 72304931,6725.496705001273,6859.60887424926,3.7405771883158625,3.9391727525332456,5.524511617958934,1.9218946158595207,0.605722103501502,0.10624834675856532,1.0704655816306043,0.4958552964582927,2.071719238290141,0.4810556865669034
TIC 200655763,5386.637980106525,5109.667151990996,4.845760002480452,5.599299178717009,5.1617689393231485,2.385248787964193,0.730467747526785,1.349571098933297,0.776891864506295,1.0561290237998657,0.44903513972596265,0.6718810995405837
TIC 332918217,6073.895316118629,6030.473133617957,2.728548742695131,2.860207158232317,4.527881206700995,4.011594753009293,3.7096403525645436,0.6812542728335288,2.157148038132959,1.015259289293881,5.596508100544006,1.2046129212813206
TIC 9845586,5447.158383266781,5330.023256243503,3.8253273513234767,4.578061029398069,4.220833387557856,3.5013201070475453,1.7728483782294395,2.6744241036229517,1.2159165646421943,1.4970320617679245,1.1502058927239107,1.5983307136616032
TIC 158218818,5758.305141769319,5638.980895914298,2.9740395953099714,4.157045432639159,3.2374336071374072,4.39962282466932,1.7196488121337927,4.644837143394473,1.3208623171548064,2.103623526236047,1.695047320780248,3.9539079751027426
TIC 158389967,5461.633640700276,5134.1218880571705,3.3683628311907707,4.053776720406946,3.7670023863664577,4.420575351007761,2.879874996158271,4.6307127731443245,1.539768792683724,1.9884888492516737,1.8641862993094647,2.4277225117237817
TIC 117978580,7337.774210592672,7239.174920918208,1.8304554527590402,2.165194924599267,3.261071975845447,4.1033598138791,2.5061162464706586,0.8230726592661357,2.0355806513700863,1.2625932134983286,10.615049657787376,3.8687548397667975
TIC 231262738,5329.93246574744,4281.8467665666985,4.733004838614674,4.967985742050304,5.056364426964509,2.8828389872132627,1.4270204388982537,2.089709570016723,1.0612444359352615,1.578777248590473,0.8031667170844894,0.7403792339355358
TIC 235277567,5751.84166890171,5325.15235478533,5.1141255476549805,5.788198858299607,5.626090309953083,1.8351486980617182,0.4294227855451605,0.6206315320976851,0.624600561132759,0.7851883547244812,0.3773292363719413,0.4380905407750787
TIC 254303140,5370.243219092768,5103.987928520432,3.086649722960309,3.9915823758443327,3.2780128298436693,5.298540987059594,3.430058561262945,8.177857054034853,1.638896776928939,2.5201949909048924,1.9740904596409052,3.808858756487655
TIC 322512913,6901.877583673905,6005.22053336213,2.5639312537061834,4.374971996194082,2.7062711572444216,3.898746806497557,0.3794493917073509,3.4044597437057846,0.8316241330569246,2.3688842142084408,1.38679159717522,6.448987528988704
TIC 358069227,5616.116133510294,4737.626912615755,3.292981678235938,4.288896461589691,3.347435875685795,5.091120749955077,2.0646500665117675,9.081225747901211,1.3067861867461013,2.833003413264157,1.5012098847221833,3.5729393955039024
TIC 393871721,6018.290251560371,5492.55023229615,2.5726035408770205,3.865242918726724,2.7629757462285696,5.260178067097019,1.8644230054961985,7.459792925005716,1.3831240884316311,2.7587526474980333,2.2177001839992694,6.120821317444466
TIC 157420463,6980.790310032916,6303.683090403651,2.9428295851704256,4.511332484934274,3.17875593958024,3.0315022358189685,0.306111583129597,1.7511475707071948,0.7634494815901669,1.7294820398134605,1.223114193783315,4.173473153373927
TIC 123036121,6580.117120684445,6279.2584609069,2.2126410135495993,2.296933179871044,4.577395707844988,4.165165181480581,3.631466757741259,0.40047191132613524,2.382331008755139,0.9152929698596356,9.402140311916247,1.1509109362546779
TIC 213067604,5735.183714921513,5431.498237253914,4.405890217473905,5.344773250803607,4.749829640523689,2.4442610701976024,0.5990612569875623,1.2915469374332664,0.7705603684506978,1.129928006316499,0.5676631459174151,0.9819019981088157
TIC 218233625,5517.762436671332,5156.195822612885,5.092124555049747,5.956566331443123,5.367457370719847,2.0314315657217854,0.4439945074090967,0.9683405604813391,0.6280825451471216,0.943421365947141,0.3231271628701831,0.5559260841777569
TIC 232449809,6263.783835200408,6229.281649754068,2.107513366509961,2.6099015630199243,3.0357225444352376,5.393646026366156,5.098948592353834,3.3100306159376394,2.276156667305734,1.891627170307812,7.047569620214246,4.761140331682994
TIC 237130278,7116.633385655527,7097.999957211644,3.10981526663761,3.283582353546008,5.119044607213242,2.2378165326221926,0.774244851763588,0.10806210949598187,1.2929755993741672,0.5581810404877969,3.789370401761216,0.6988470835789964
TIC 242944454,5452.975889362018,5190.386890934083,3.2127239607493845,4.669680041047521,3.2273271690023684,4.543306890675403,1.2700726350957308,6.410859733500174,1.1631957964016164,2.494543552176701,1.0571289919201576,3.9908842549132424
TIC 29777922,7111.028236625511,6201.3258499303665,1.801315015042806,1.884842644691053,4.439704136542853,4.370657518238975,3.6060873218211733,0.3722648656640926,2.4661679640229512,0.9998757964654006,13.742411287914084,1.306526868609705
TIC 422327572,5286.381610249406,4763.950857007772,3.1525660760206344,4.69027896978676,2.9822842976489636,5.608924353608409,1.583581585923015,12.53887196540445,1.2259793979600662,3.314855350384009,1.0372618668178974,5.001338863103179
TIC 428534573,6183.625583974447,5825.0276677832335,3.5873693745832504,4.905047131701817,3.8418786211547524,2.8253839550556856,0.449691995858903,1.6832107170476882,0.8116339222479863,1.4923966924431054,0.8511010911858254,2.2659407595434216
TIC 461662516,5859.288884709848,5775.3774212660655,3.6374977494569265,4.387402956451078,4.190754340716036,3.0702125813402974,1.2210457066042897,1.5689188963146794,1.1473226678559834,1.2928388006356817,1.371004301617487,1.643229654144006
TIC 467167691,5781.255986891606,4699.957330803755,3.831758387858901,4.6370226936961965,3.8928750254746953,3.715166114415803,1.0992320430742284,4.226813012379113,1.050526588492738,2.2392013728624898,1.0894089089593262,2.16197162546901
TIC 5674169,5956.988306231608,6083.955123592051,4.471178723595143,4.640630692171472,6.072490989421142,1.8122995125928807,0.6556666561120316,0.1345207471770211,0.9878166761271233,0.48976278893497927,1.0857947142316802,0.2904046755193156
TIC 220511367,7873.003828462381,7317.783064571387,4.4787438046716685,5.630953262358513,4.929852499052961,1.1840957794406421,0.0628269118260235,0.15820833222304734,0.35841354123449093,0.5729627998744965,0.43613274517722284,0.831876776708859
TIC 139452314,6089.156919705648,5821.540496321508,4.0177030417278825,5.546936195224932,4.187460603058005,2.3810541815927406,0.2653681148191758,1.2404368853505758,0.6228083346763958,1.2743479385428018,0.47122196061050114,1.6482221977067302
TIC 158673914,5669.571093264683,5369.329049327767,3.638132252669781,4.607158817121847,3.9184720194401947,3.5360613938812735,1.277454928653842,2.9859687496763283,1.1074491974430678,1.695592722186157,1.1197897120725957,2.11159775804474
TIC 198037139,6841.981554871353,7066.230263076385,3.823716616022125,4.001121626819174,5.761839421722668,1.7317750931349238,0.4721571067287181,0.06562246079402773,1.0052356072152737,0.4189020945947488,1.95682212121287,0.3866021200734432
TIC 243319567,5271.890845366881,5140.14516997905,2.790692322105839,3.7339114966228233,2.986020334054685,6.029649943586697,4.610212349126102,10.659660223924842,1.9148769374930403,2.8425044349021507,2.5028533365616545,4.984158748066713
TIC 257060367,7628.29185762683,6807.411479616823,1.8392506479057085,3.1144128849682646,2.2205293993619137,4.514498374712375,0.999023605993485,3.4494805938488717,1.2165187544859901,2.305611352501021,4.428277680419948,10.087608995404569
TIC 29848012,5697.812085893128,5796.844806450499,3.985938600967647,4.215142564971663,5.25155147698544,2.6755411421798247,1.5864248727147172,0.5241546884681882,1.313442999011554,0.7873400520581262,1.606730263922673,0.6185565487589892
TIC 33596460,7020.992771764638,6961.791334199779,2.969011247452939,3.163778844751237,4.86094412238924,2.5267170720118943,1.0296476574198232,0.1735826964092707,1.4037933033789154,0.6534692538804256,4.231442678945014,0.8863849041139906
TIC 416802566,5206.768819115583,4316.654237467605,3.797808420826027,4.047334254916638,4.004021683562531,4.791330110294274,4.475692665076694,6.800956742319163,1.699231480462222,2.522069928894396,1.8752807606963358,1.9516023238628142
TIC 441219121,6508.387173406999,6890.335079604992,2.2559359452235546,2.3915150745410303,4.300671270476363,3.948399347221076,3.1390667928189884,0.35311035254016293,2.3313431996278218,0.8634576634994482,8.61775156928548,1.4850172272632984
TIC 97328396,6119.04672076519,6150.921860120841,2.2701445757993186,2.5278252323189827,3.6605511615142965,4.724548125145731,4.665061777002125,1.3505802948374979,2.476985146520507,1.4550078454468736,7.600985552854381,2.677808620938325
TIC 142013583,5641.2265125148015,5522.019018469389,4.403462244140561,4.664776011909454,5.541247010388549,2.401573897600601,1.246285455095345,0.5453183047321624,1.0893155621605208,0.759295435131178,1.0619146082823396,0.47369761251527365
TIC 11480757,7017.575541219256,6924.86551837647,3.224889245344807,3.35421357360988,5.503049982056493,2.170147468772689,0.7623312219389845,0.07866299224993842,1.2871793971704124,0.4913865931809044,3.55070482708013,0.4906592686625969
TIC 121134517,6273.191807861861,6447.043928273686,4.1959351052852485,4.3855806519174285,5.913942208260026,1.8414685115209126,0.6285108920118091,0.11735223172457947,1.0017577787512275,0.4691873417399935,1.3733073335780372,0.33606487009916886
TIC 137860956,5451.089749169386,5172.260649303499,3.4649248619085977,4.630706090764212,3.580155997122805,4.228449694953417,1.5762220564553089,5.245196667576524,1.18508118741288,2.135324990398032,1.0957653513193564,2.8836171591123017
TIC 152147549,5416.320755777991,5214.2333088404475,6.169703790397872,7.1416770358276285,6.376268034036773,1.2242510723277165,0.14008831166853997,0.3273660017703231,0.3776694267293354,0.5797242416162662,0.10847488182442902,0.2195294485079709
TIC 1630438,6190.487278296868,5356.064101293103,3.4000771239594894,4.1240031010299285,3.902818395584312,3.2182209840469485,0.9576885362842767,1.9757084046597249,1.1603945917982394,1.7163299302659805,1.7474258643426246,2.1422622837898926
TIC 180698725,5571.641800655028,5290.61422481585,4.876359712596244,5.8764462940212985,5.1185933589741035,2.1011650296761593,0.41250275061057806,1.0261329663361543,0.6391464077682916,1.0049052722696346,0.34787360868485945,0.699137595267207
TIC 214657111,6107.602818463005,5601.233918779433,2.435889364179162,2.9434610619452144,3.2471993549084583,5.358259880446246,4.816557584167755,4.535272519501371,2.0531571936363604,2.122504873135064,5.183410154894874,3.9185036716249093
TIC 296484514,5313.465035030718,5233.390069156077,3.4222260705369916,3.475873818568912,4.868134338722574,4.207813341349848,5.2635254136223635,1.3492555511647473,2.1228806049676163,1.152558312957931,3.174318298122946,0.8805342727000974
TIC 331377569,6364.095186024161,6325.722065217963,2.6123628675022363,2.7664872529649696,4.4774000840569546,3.6032308026538873,2.622492245651309,0.4205906494049219,2.0515646311137603,0.9443995201040668,6.101057229606502,1.2619436608549244
TIC 367683204,4565.638823332725,4333.94576963092,6.376702364445254,6.757429610516285,6.306278255642737,1.9060690561511962,0.6658783440540276,1.2441655484882728,0.6344055299696811,0.8666293448637287,0.15453546233470009,0.23414705389901197
TIC 441570283,5301.876350831824,5064.982316615981,4.804404778163478,5.774808120604042,4.955834815010033,2.4672964001164326,0.6273922494202193,1.6385134521656803,0.7396651772655701,1.1817705341485396,0.3820117768437815,0.8122057766480422
TIC 46240200,5339.816299805912,5010.095734136839,5.566328019141993,6.306040020360639,5.862119340781474,1.777984471792,0.39107849203232264,0.7448446693461839,0.5709464140914964,0.795682982657436,0.23419843673912777,0.3524944339633171
TIC 55753802,6787.312979612525,6700.831180089134,3.0727923623292863,3.2878681534005874,4.81950141502607,2.596268162984881,1.1305100127421503,0.22787984723932464,1.4186870497780668,0.7189494421960072,3.774441847659419,0.9208723519013998
TIC 383722507,7261.163057212221,6834.727174778198,1.7758816868396887,2.0792356242759507,3.2580159702208866,4.121681783502196,2.495452466405721,0.8086034219750122,2.1627010118775245,1.4184382252611658,11.489622246860993,3.8796595061515426
TIC 157175641,6149.915202918572,5866.283647231629,3.6795819071326816,5.015191976262428,3.9272454594572017,2.7584075734209024,0.4499675515452305,1.6063145155912968,0.7799725823949378,1.4147535058393252,0.7689944572241919,2.09460345818315
TIC 166660531,5598.702845669649,5497.039778680494,4.071074013140298,4.780152905090816,4.556665518767744,2.940038458303228,1.2475290586173904,1.6459150452363254,1.0486983163181633,1.2057718038727248,0.9548581031280288,1.1730966443585398
TIC 173795590,5469.5728244012535,5171.891511850042,4.2314006498687196,5.77840307398365,4.221416415574156,2.8147128506228345,0.3891838382535002,2.3109137230952475,0.6938547314480261,1.589548894522849,0.3807489991486578,1.597472658616701
TIC 193578361,4976.702819405442,5028.129337702437,5.557452388697441,5.640932784172594,6.60748609520611,1.888300406010882,0.9957590114187077,0.36036389450038014,0.8928654427978981,0.5604616321609974,0.43214240674235377,0.17742122027050192
TIC 229573710,4487.835449956594,4401.2728785662775,6.2391798104930185,6.03942425209252,6.7043307095391285,2.082103345045943,1.5072713745908966,0.8543695968087025,0.9138970745687234,0.6995733454087469,0.2993851805719682,0.16228101530374908
TIC 270215222,6812.073355895082,6778.516327200118,3.0806582730577716,3.653994715055902,3.999907854777644,2.7241116423340284,0.9223895488892644,0.6514537152955372,1.1898669785955927,1.0247197890782087,2.6940280545188093,1.9590109255262935
TIC 289166536,6613.405474021108,6649.178482568502,2.446246368027961,2.6917245248224146,4.0062382433313966,3.6958359331415456,2.4743731144480035,0.6066113335708321,1.9663498125838723,1.0618724587835384,6.5359721061501235,1.9476221392493684
TIC 325565137,6025.068280381928,5499.56278379352,2.67460528457239,3.5220228928593524,3.106627258516958,4.817077483915563,2.4512767210451005,4.995394351329706,1.6163204306059211,2.348952348585994,3.0422215812503066,4.460146218736727
TIC 376593757,6680.230763228376,6114.467569238926,2.3465771428942452,2.3497490965265424,6.080504067248039,3.3887291460569413,2.233574327144682,0.052290218642432974,2.255917626738726,0.48310093935338094,8.955716998748695,0.28826928645064526
TIC 410299018,5745.2415205792895,5638.626129845496,3.880925227232092,3.889626637100705,6.212906368038538,2.3994271646515823,1.3557737070183742,0.10636075173057258,1.5007697896829533,0.5344758841591574,2.1684496629577947,0.2551746059468167
TIC 458490358,6575.528844845142,6704.6587410373495,3.5326494298160753,3.7210734285693814,5.307316255857787,2.1680105081823546,0.8069513674710611,0.1366808949180045,1.2381690016193645,0.5736399385031792,2.532623478035966,0.5875887844741369
TIC 50717816,6772.459072168479,6720.672402373544,3.496022917582841,3.7121840471844885,5.238253749260443,2.114888019724696,0.722523135249894,0.14120356418304042,1.1719967284623964,0.5893588163296241,2.5534442552527614,0.6261790022928276
TIC 68901227,5252.550513872311,4721.464282834219,5.218416380640889,6.221717048541743,5.093711105840286,2.3251136215815666,0.4623868998968098,1.7604742323539733,0.6134400152377408,1.2763222744433511,0.25311225941208465,0.7153450193100594
TIC 71107089,5819.974239202605,5373.4063489275895,3.8554671281632107,5.329671039245329,3.9326920229171547,2.884014559479119,0.37509319867319213,2.139188461328858,0.7534937504423794,1.6819698797015237,0.5756143128761976,2.084122253383478
TIC 75067322,5728.9156074843095,5865.635777756327,3.9838014911169157,4.155742992022817,5.452574602818732,2.499557337940182,1.391360420586904,0.32813076225048093,1.3352498544194775,0.7009884818075048,1.6970819063140465,0.5140083319645442
TIC 88646716,5939.14492893905,5557.2219770281745,3.084839076339467,4.4433716751654115,3.2567340357202506,4.037981465328716,1.0008740396089704,4.133370345181457,1.0882628544220958,2.146810401913002,1.3021209606519006,3.884242946039233
TIC 159950145,6320.257097450271,6117.542330866058,3.336652404490681,4.356463465591367,3.7740293562242484,3.0834098803817245,0.8423854538547957,1.6755595517996391,1.0002160149808852,1.3960344950459351,1.4106348655754986,2.412060837712806
TIC 357372327,6321.473103441196,6107.270990112045,3.0171449725373707,4.090724900607482,3.423713352734681,3.4736985306204096,0.9898687255100399,2.1948977830817387,1.1299895263556612,1.6459587043451431,1.8018143431746336,3.330540038169541
TIC 372366518,5348.688643714475,5462.399385983292,1.535335020701345,1.617242418670293,2.9342186810310644,9.32872793820681,28.15195452732928,6.778173708666432,4.930748691879072,2.577777031293353,17.583407152920156,5.227722517525186
TIC 408518243,7198.46135812524,7063.16792340321,2.783232736345356,3.0394286516873223,4.429920023834412,2.793204956928558,1.2052831240667978,0.3083626831220219,1.414135098366081,0.7742352125441901,4.7449161188456905,1.3183538459401707
TIC 434515577,6128.710514220421,6177.809197479629,4.493089116986462,4.636235662754232,6.295534505818298,1.726761197412541,0.5863801493893561,0.10288886606857893,0.935127089478617,0.4286275719763609,1.090198888465991,0.23647552464801289
TIC 47831368,6375.746852506823,6181.658348940687,3.7392225277002886,4.076286422556702,4.976865200204374,2.356095496808707,0.9199776533454566,0.3910931604150561,1.1182439887981115,0.785729302804472,1.8259354944586916,0.7966249787777878
TIC 9070070,6618.3842832956325,6582.171746126151,2.310593441397298,2.58868453274346,3.788611682440012,4.040657334432621,2.9716767618254907,0.8503937938693676,2.0588045556841097,1.1978301234123279,7.18664490797612,2.3798814670745583
TIC 201249189,7347.166007699321,6877.918855129242,2.428416447210844,4.444413981492269,2.5927806056328264,3.1900770572888355,0.20390441300833886,1.763906310389114,0.710777195221482,1.9027676997069807,1.3008715248699105,7.159583487696378
TIC 146637697,5314.335930412237,4904.887177087704,5.288707427857204,6.520084751023704,5.213172292032435,2.0824294221126354,0.30269580770556803,1.3379160221595698,0.5223252606911225,1.1193437649438231,0.19229416209640443,0.6408126600488164
TIC 179244391,5361.624225197201,4934.885883160036,5.03427221634864,5.871225324280434,5.145497903207164,2.3390792996724974,0.6089311057958077,1.4998132505343227,0.6918599271140121,1.1407807337974,0.34955045380357286,0.6820258550423116
TIC 18433724,7050.766858296166,6991.680386998102,3.178661154346271,3.403237169534174,4.9374400741678866,2.2882590627026076,0.8081510944722697,0.16043038277594973,1.246625035115555,0.6254676296818431,3.3939475947897644,0.8260835429518557
TIC 198389193,7564.870412362093,7690.466693706947,1.7628804727128173,2.010754567087368,3.4881935846394527,3.858680584441363,2.2350817131058753,0.4624939129171865,2.056373923176951,1.0076550341544737,12.237654087616669,3.1385031302849002
TIC 23221002,5782.775194047207,5508.955981143256,2.719582277839419,3.8584700792644395,2.962818374314189,5.1115260019096525,2.358789917616547,6.69351477071897,1.5027590514168405,2.501230454212835,2.2315774708717506,5.091815400380076
TIC 238926969,6336.3124648445855,6368.502640260509,2.4654629245916215,2.870172469417809,3.579870148155428,4.314558734778927,3.350074839865119,1.5880648507865855,1.9730964808434468,1.408663595346079,5.545376175473378,2.884376448062831
TIC 358179405,5116.725998452407,4798.752980417629,4.920023644081381,6.1737379100022,4.819530669810924,2.5969735329934767,0.48756336611658646,2.2746055813019503,0.6608822428369712,1.4018226197067283,0.2645482152796088,0.9208475396500676
TIC 47935311,6317.030021105628,4911.547543179061,1.6225651817724218,2.2528066624366634,2.0426388109952285,9.165460212146481,9.998480241671299,24.25731759288732,2.637963444022937,4.807192575820436,9.792133709155445,11.883502875545588
TIC 54332627,6188.708325007951,5535.422682499229,2.469336234524223,3.3682692452196146,2.8815863195062414,5.0519227004855125,2.338947062761828,5.600127059607687,1.6443797066357664,2.5717997228506686,3.5050345390184496,5.487385510845927
TIC 61003803,6668.028336518571,6128.681212538393,2.513158451517892,4.129165007750537,2.7123407083468813,4.136368231426163,0.679956441975114,3.7516486328949,0.9977646475203639,2.268056043896613,1.7391378094353518,6.413036572890698
TIC 219788401,4952.443198656526,4441.585942170961,5.239564916452142,5.96006828868409,5.11387521097335,2.7319429584337307,0.9449714743843785,2.6901541870608705,0.778400888653433,1.428909768342826,0.32208662046598197,0.7021823608907932
TIC 52368472,6235.642083428301,5682.9151523719165,4.342128736899076,5.405502397055252,4.6833377437671,2.050761783386528,0.2779587354452085,0.811667363348454,0.6338597119815983,1.0642559685938249,0.5367833559302958,1.0439144339076045
TIC 168675489,7326.644544136917,6359.256144465094,2.5422127116908175,4.240371180744657,2.7471617819340244,3.5053230686006085,0.3280146316796911,2.399267070577977,0.7851841187443613,2.0730558100775225,1.5698260360026917,6.210624714879819
TIC 369218857,5254.561560318318,4730.932130816008,4.316614736101924,5.535058761109247,4.242139805749746,3.4310405380448676,0.8343006735941825,4.2187896878860585,0.8409521128685631,1.8816315673093387,0.476405202590447,1.5672709278270531
TIC 160082094,5159.422293889418,5177.412247371999,4.1660099887141016,4.41128314131742,4.979361893208376,3.3496152102343766,2.852247397111314,1.5855092715120953,1.4635150977465083,1.118814574190232,1.3411789962554912,0.7947952129972217
TIC 17563811,6448.878689996906,6688.928061565637,3.8110255863697837,3.931675212002495,5.934971654959772,1.9449863649998969,0.686734698873956,0.07143136592830718,1.168295031512091,0.431666758136802,2.086074984506964,0.3296183173270941
TIC 381950094,6526.515556510144,6287.548332814054,2.9317532455338746,3.302000786777707,4.137121648086381,3.354797639235315,1.8772828137022641,0.8990290849007398,1.5243794122800594,1.1180699737169963,3.7256296848910573,1.7264394081337688
TIC 398336271,6040.824642396746,6032.573656187185,1.7429290912130755,1.8166677454541609,3.861244633276263,6.0138454970581225,9.097368351975744,1.0368138503003503,3.5263870686042464,1.3791191659111406,14.632984137721062,2.225882047156602
TIC 401667272,5388.458593961249,5426.048785430403,1.9846584864121484,2.2510793229275707,2.9385062130831536,7.944292801260573,17.083689761868197,8.548509414366704,3.628365447428991,2.6072780963589426,9.80772479042806,5.2071191427181285
TIC 412063998,5658.6683522663225,5228.024583230832,4.330176076268651,5.619276288225709,4.45279147356147,2.6451646160152253,0.448135933687881,1.8794078199845061,0.6975450273532131,1.39837113363013,0.44084861904855926,1.2908726831936534
TIC 428772119,5810.166151432951,5460.262269924504,4.454016009032609,5.502542869845065,4.741796808005173,2.3361178714869117,0.46666890211474016,1.2147037691958773,0.6981846707402722,1.1221983314499921,0.49088849324078193,0.9891935520512181
TIC 47626069,6516.224508493891,6204.219244587656,3.1452024746013416,3.5084596119396183,4.345953212687299,3.0748489126608556,1.5599851229546335,0.7601617735805882,1.39050318121151,1.0430162424948408,3.0804641239133317,1.4243565430307028
TIC 82224114,6553.657825058856,6241.075652866967,3.5985422847615958,4.816267304200315,3.9377095037567433,2.4960087977031833,0.3814570641184712,1.0954021946481585,0.7527226789050963,1.2439278530733917,0.9236194678792455,2.074513180579774
TIC 32636486,5884.129137518494,5679.436834952008,3.2776785703495115,4.485425828509378,3.534697672145378,3.6258281896617777,1.0047324308695622,2.9978948622773247,1.0874428206908744,1.808447498125674,1.2526497861439272,3.006913473885525
TIC 153826685,5746.937861251133,5133.3686374738445,4.327858187881329,6.01397452804044,4.298294090390776,2.524590348473553,0.2064957729765973,1.8152482969996626,0.5638818018251511,1.5573716447279409,0.30648568077276866,1.4882721806832673
TIC 169175441,6679.8206790354,5665.016579377479,2.34159061558789,3.258636268779049,2.7992929521981207,4.818720244783281,1.728646472786491,4.831355513238569,1.4845646858164316,2.550322052587839,3.877443627314105,5.919469935014617
TIC 193770329,5253.317812265341,4778.982704196309,4.4992887872996175,5.590246693894993,4.47493579128702,2.9848768101528624,0.6813707279403602,2.887283146622327,0.8202368900778821,1.6565246826434492,0.4527946871608504,1.2648111441796437
TIC 141914317,6075.205545480631,6113.856130348489,2.808531084746309,3.0272438585179824,4.285641640664075,3.8859516449459948,3.2479777334606608,0.8675394351621508,1.9965733181313445,1.1043258275010632,4.798466383154388,1.5057169652914963
TIC 200670652,5542.261233095853,4788.656636159946,4.772073249036745,6.205086960750582,4.646644254395336,2.4512073230165754,0.2400050330831523,1.954463738562199,0.5552193717949296,1.5244028107532586,0.25701899182187143,1.0797974517784863
TIC 232527356,5957.005191425023,5698.765598813767,3.7278066353010892,4.992103542301867,3.9654849307906863,2.921003256781293,0.5828352683078539,1.9045379658481132,0.8401935079912073,1.4729819093412828,0.7855224165703893,2.0221158236672143
TIC 312286761,5191.514389296152,5258.954111420848,2.0138695218819627,2.072259608731363,3.2810890020110564,8.074389286388346,21.37027409691462,5.845312508871053,4.2443964362463955,2.3704970773223915,11.563682436558915,3.7980825452149793
TIC 343409837,6280.615321979308,6470.920153740915,3.9339170265079915,4.0428208898605975,6.058874769349447,1.952639289732105,0.7276556277957124,0.07654171902668368,1.1702736336447228,0.4356612681118515,1.8830924583504427,0.2940695738933371
TIC 445924091,5322.516899821593,5450.378536165727,2.504840715432742,2.4277607663571983,4.680957353427485,5.6334092891260665,10.271255619010622,0.8878938971165162,3.428228300247871,1.1582736728949372,8.334809795420052,1.0462056440687588
TIC 80312842,7612.35797090025,7889.20921165463,1.8937396242098385,2.0006691664582807,4.4633321683901315,3.1661554352967425,1.4759400395517634,0.09104082572268561,2.0402516994311237,0.6111145263894724,12.351859227311811,1.2784010911257309
TIC 235067275,5758.37994111465,5061.340506595526,3.733200131423404,5.668653025129291,3.6221994124014225,3.3887582045715154,0.2774022010548611,3.6145320545915256,0.6584529521357277,2.1871823515294757,0.42124890982872765,2.774088008524399
TIC 180697987,5557.708254903961,4847.300048435196,4.925454111512084,6.094214200966618,4.89359713555692,2.2803901778583477,0.3040958282489145,1.5699501037544252,0.5810609052580047,1.327812501154602,0.2846520524666717,0.8601241581303071
TIC 117515123,4889.289893662751,4802.0334781496185,5.530309984708159,6.1999573716709655,5.621869528986977,1.9821007257983112,0.5061985345715382,1.0459712312322047,0.7151101408472426,0.9674570959505525,0.25823615776911796,0.4397969248961933
TIC 118268204,5864.4216739991325,5631.081569268055,3.2008429683654267,4.412251273249545,3.4562979534915668,3.8888708343962666,1.1968562416661783,3.5981382354507474,1.1322839522568784,1.9072725558806718,1.339983623491815,3.232070450041153
TIC 122057276,6586.450131172949,5798.38063463364,4.133260407213223,5.098689459922113,4.570886429113948,2.055578510671212,0.2742111693321885,0.7385864419058392,0.6543577934430207,1.076626979887196,0.7120725036793434,1.157831680045102
TIC 143043815,5306.092895285568,4586.200296146802,3.775906066884488,4.253766788053696,4.03609958208947,4.254097625869384,2.717020933861401,5.109770509559454,1.4878286983667641,2.201557509336447,1.550576811018269,1.8947859998554044
TIC 237092476,5374.832980068784,5215.583416227324,5.836333787554702,6.989671852338913,5.940389278825629,1.4359303192070798,0.16055404325615413,0.5031372524942259,0.4113312165056359,0.7082267722735709,0.12477605743828453,0.3279776792247992
TIC 292753203,5616.646616063515,5683.215229584967,2.051143207363679,2.319465867372488,3.1591295123736423,6.758476913935901,11.49839668331501,4.691625074298154,3.2360007485828652,2.147048611893844,9.209025023072723,4.249601386530702
TIC 406951407,5350.221728779192,4940.53550625908,3.7999109827349393,4.690014119406039,3.999636661903007,3.8080045416881787,1.5044645943123969,4.161248746441087,1.1970425872460642,1.9292148897067758,1.0375149234156564,1.9595003042144639
TIC 441734144,5199.9135352422845,4717.075269466522,4.353711927066094,4.996328125013162,4.424485258885105,3.622379005285763,1.9408543750353462,4.090905529213533,1.1005204516598048,1.740256733525031,0.782471899652281,1.324969546542356
TIC 441764197,5065.534484353238,4713.079870530507,5.268224572382491,6.090782782849721,5.200914689198133,2.449908984112481,0.7209517250412412,1.9295677945768206,0.7005657126681486,1.2191677052381098,0.2855531049831204,0.6480882151738254
TIC 459971813,6283.1945372008095,6096.31370979978,3.5870512807632657,5.1763485383978045,3.7881287982546623,2.541090145202669,0.2665217408432547,1.2849569789940547,0.6937855764425658,1.3966758152648475,0.6629191802396065,2.3809401613622097
TIC 55896456,6669.276417745551,6579.740605639836,2.4968890535769237,2.9709120481736977,3.5323538095256954,3.503625438166226,1.7203064400632575,0.956055933016327,1.7002631483678232,1.3488624966970928,5.053999338382251,3.013411741922343
TIC 159983399,5749.976548977314,5437.250210388726,3.029967378958232,4.3057276844908845,3.2152179166528208,4.431980386450069,1.4383158015012512,5.208777575970022,1.2370245061803724,2.2858817814272823,1.478117389045153,4.035643859735537
TIC 120607386,6371.339863216214,6194.406221946288,3.0991397618183,3.413069499327788,4.392793561299207,3.1863154283599044,1.8203202521182182,0.7161707160123199,1.5197793636911854,1.023995174121135,3.363351058299403,1.3642142305452754
TIC 135230069,5396.77953049375,4661.297966436623,4.529549352915934,5.964778918866018,4.2489503279926195,2.991205431782055,0.3537278022064922,3.279623087786046,0.6540799704124302,1.9322005021894828,0.3206922261958076,1.5574706411245958
TIC 188594653,5548.947573629016,5184.230732675389,3.622731988109315,4.914865031006341,3.6933424767844416,3.744704998994237,0.9495714109460375,4.084104185789025,1.0033714459569736,2.0175246388433186,0.8434396000990524,2.5981427524609355
TIC 219494344,6351.745078371951,6089.9087141323125,4.040374576238533,5.410590441099434,4.302576327053324,2.1089475546716785,0.22680669317195776,0.8286412781226707,0.6094692228926553,1.1043815846086726,0.5342737335891461,1.482413868063476
TIC 229538448,5839.774708079909,5470.072391863164,4.764288387070685,5.826901454990227,5.049932318899476,1.9951197781583216,0.32205934007394943,0.8577143682482522,0.5952282163595115,0.9702493837009885,0.36411571063612147,0.7447783994101007
TIC 260708271,5989.657659697128,5547.0466344972965,3.8397813713173967,4.882542959454984,4.156800966009907,2.897859547920347,0.7003634356790059,1.8349945344398935,0.874064322200875,1.4235481452596814,0.8689260477046903,1.6954290241426613
TIC 306772761,6310.1439554876,6360.088959645091,3.1073946848149063,3.3532424787062913,4.613601688511012,3.098439575844729,1.8540952519004963,0.48566810362794305,1.592681579819416,0.8774235141893966,3.5538820388224543,1.1131644406007657
TIC 31529171,6485.60975646662,6430.718873851646,2.526420867185047,2.7528613068203183,4.142228537455708,3.798865722853064,2.782246691789736,0.6682030080517747,1.987843083759674,1.066329025781076,6.178107734030923,1.7183379630380338
TIC 319291434,6273.821506631837,5771.646747472901,3.953053402205521,5.531730384060936,4.117161876417953,2.3516918764412638,0.20836252126690938,1.2068681033900939,0.5908069466072391,1.3391342789703777,0.47786788668760005,1.7584711576351608
TIC 320054541,4647.146448557789,4221.13710271462,6.171121810675205,7.2274605347305,5.591731534009184,2.182696605321504,0.34471203261679373,2.3058876890833817,0.49316376827987185,1.2695527885908053,0.10023416713893157,0.45217587368866885
TIC 468293391,5861.030942310192,5397.004344291776,4.480651838199467,5.786342128808436,4.618285115119108,2.2678874648164404,0.3010928691198112,1.2530235018865488,0.6020596655659927,1.2158875982957624,0.3779750633325559,1.108373041191521
TIC 116520408,5147.255058849984,4624.291807320194,4.934449305004435,6.021988919862887,4.75486302277325,2.7793373737953475,0.6003579168372367,2.804317751451957,0.7003366024073336,1.5552238915751935,0.30423167747232427,0.9773605176535345
TIC 179368346,5227.459931323906,5197.6118688970555,5.466123413823164,5.628717339095511,6.5242743348234455,1.7549600679221142,0.7526742907590985,0.29847890103244573,0.8138251259182772,0.544996143577811,0.43703182557891085,0.19155357692181998
TIC 233043818,5806.342187376096,5453.239861547256,3.66746907379623,4.683973920383832,3.9724290224765655,3.3542207772437522,1.0559286891635267,2.624204250597983,1.019191867623187,1.603470525995365,1.0433029415190878,2.0092241567536093
TIC 345451479,5447.77086315826,5120.939661991312,2.744661068260241,3.620348388113337,3.006667446426305,6.0865263054651,4.798442155744262,10.632617444141182,1.8895076055261015,2.836763826784199,2.7788214639293227,4.890272066460466
TIC 348897766,6057.06795439026,6193.095088400734,2.7561427122395807,2.938643194759313,4.3562353904424,3.879185548741247,3.3149566413111433,0.6976122850010141,2.092196426948132,1.041821732594036,5.206462229085246,1.4109312216795338
TIC 55756813,5891.772867017996,5561.617477486604,4.075175577628543,5.885320984504093,4.1303145425117815,2.421943159797128,0.18357083428938337,1.4364906475617938,0.5692457516415049,1.4334773930204037,0.3450417169321511,1.7372974531919183
TIC 59038877,5600.522059532605,5312.350588779234,4.682745300303975,5.502320729646252,5.044549803560196,2.297968969001097,0.6117322258776092,1.1354321129455311,0.7515100915480603,1.0312704394968193,0.4909889386557064,0.7484797905106253
TIC 193515431,4833.796621426804,3838.2239403344156,6.6873835758660345,6.524145526750116,7.117044072423719,1.7375837550892514,0.9572809571013745,0.6729340978552996,0.630158986724198,0.7606529479385427,0.1915763035387748,0.11096406831007787
TIC 35744707,5511.334017114215,5029.997123696538,4.026298447186078,4.7684136421036705,4.357458395813251,3.4369132001791156,1.531388875814231,3.012201393088252,1.0880774099007469,1.5784427494578965,0.9652382934876987,1.409342801813742
TIC 70870736,5859.125152684437,5822.492017743332,3.3178794850565954,3.7170928109998234,4.291534377678463,3.59646187856218,2.530820266937133,1.4360685216205362,1.5623267737996613,1.2143148552197265,2.541925837784618,1.4975669566561753
TIC 138256097,6555.328807308064,6556.423927453789,2.5058125481767357,2.7306928065160405,4.127248284164446,3.728451287721904,2.626919817109511,0.6094979162564449,1.9657508191488156,1.0329332966800924,6.305548600452661,1.7422107387120056
TIC 206555954,6704.2594785780775,6435.905733415618,3.3543400209435177,5.036403309727938,3.565638415381674,2.525408964555268,0.2194021485538159,1.1734196357777924,0.6499406431334279,1.3883819385668716,0.7541169043997996,2.922433474939117
TIC 258776281,6619.499958161262,6639.205795567573,1.8896358491312482,2.061756012680289,3.784415305947976,4.568822806324832,4.077881942082203,0.6231800757213115,2.6233390079455856,1.1796160271177398,11.676094329354445,2.3890975208063505
TIC 336674747,5034.444974389456,4928.501467105579,3.7389498965360684,4.464913129066514,3.869720993925732,4.613551615144958,3.5396371550143906,6.302925647234065,1.4995818121873385,2.0581736225308145,1.2765409421532403,2.2085722059378563
TIC 350716073,6358.348044368518,6217.112833202434,3.368655439749463,3.4695255267692895,5.516020055903594,2.533349569228336,1.2662589766711536,0.14748791559433927,1.4868333311171995,0.6060025856798129,3.19293288107258,0.48483278271221397
TIC 358250091,5976.616288951761,5707.884404992822,3.0279705935128014,3.995609571357887,3.422663826562191,4.117583167528864,1.7356895148117268,3.5906964379559017,1.3207582270202265,1.8852670764618724,1.9667817576524886,3.333761059006625
TIC 363419240,6255.718263077018,5416.131596643234,6.0208732991459,6.596263799637145,6.747532904226986,1.0600972252201446,0.1236502268825981,0.163004893457742,0.3639559842918965,0.45286732870288254,0.1792645767808629,0.1559505239880627
TIC 387463207,6187.368717165811,5921.546559176771,3.5426233296896203,4.822592471955453,3.822050794399015,2.8871386872471776,0.5274711724655262,1.7096210483663135,0.8420259931357089,1.4573891486613382,0.9182543855937054,2.3077017651065193
TIC 405543959,5794.139674583478,5414.806687249189,3.361347841405218,4.187358935207876,3.7470452889059884,3.9660173234045732,1.8981943603936167,3.5109950363852604,1.2864896000451356,1.8041847855850877,1.6483765437187101,2.4727595307474046
TIC 421110675,5585.470902004461,5036.39514239406,4.455064247607155,5.307840812888074,4.714433727036168,2.7294936873130062,0.7694243348785708,1.9134523903269918,0.8263580025882193,1.3357637363551045,0.587304968403887,1.014440335913547
TIC 453628584,5174.766226531544,4319.468250512782,2.051313516107844,1.8459630623693506,4.463868076403259,8.924409140308939,34.29791287936474,2.981385519248576,4.741130446632451,2.0380826859286443,14.243436214799802,1.2777702414468501
TIC 456130400,5865.642437215764,5440.02653529063,3.943807764410545,5.315690176618407,4.097474236023663,2.8508935436473912,0.46510301493692596,2.0472925765069796,0.7465979293150861,1.521104684157146,0.5830743399873984,1.7906483447195078
TIC 55778901,5828.65463305594,5633.07357928045,3.904347596818048,5.010159013196263,4.208129586565189,2.8514803779414253,0.7076983040129062,1.7684661728772881,0.8703371850028092,1.3481531219267864,0.7725674292369124,1.6171420324974508
TIC 240175453,5870.624453636073,4798.680025193281,4.285208667713929,5.7407054405089095,4.171279019213158,2.9102386609632522,0.2797252755809021,2.76698382087897,0.6128388663059654,1.889542213619078,0.39420109271366505,1.6729709211645456
TIC 115046240,5845.738931340179,5698.75840795869,4.032728112300996,4.644457783605139,4.697745286959921,2.6966194318575925,1.092953068414554,1.1070539103569448,1.0239661459677905,1.0513478666663678,1.0819741540258023,1.030153364334906
TIC 178834939,5659.928264632586,5448.990857743298,4.124601638734838,5.148622255163238,4.414753221486586,2.7981381072769493,0.7592301224482293,1.7869244888698055,0.8659836297881413,1.3100056969780443,0.6800660550612672,1.3368993477544753
TIC 118826280,5492.665635198423,5108.325652850977,5.796180335731005,5.93559824656511,7.050164813919629,1.4052033157512902,0.43667950958631524,0.17579960069877926,0.6399853215933791,0.4428594061459837,0.3294281454566908,0.11801414774867217
TIC 146520491,6628.349972028593,6567.081818950943,2.679783206926504,2.8222451305050007,4.722450709933834,3.258558896085144,2.029434218292382,0.28024138300249957,1.8433003241422141,0.7827462412115687,5.795647295012703,1.0069773824007942
TIC 159854358,5176.791115572884,4793.232792110512,4.334100538026679,5.274803836909846,4.3604000571109545,3.4368139156501405,1.2356195119080444,3.8772165927787743,0.9767286722510102,1.735876932849205,0.6054502533154494,1.405529538555118
TIC 232524483,6388.680471065042,6466.807564699791,3.6421531342895834,4.0018738881789915,4.858669739816978,2.310820756516514,0.8593631705752933,0.33233981998489737,1.1525476100281227,0.7581273489669758,1.9554667903111513,0.8882436349584992
TIC 263035184,5362.987277134027,4987.736170915596,4.715317766105711,5.419266185180727,5.037429858946426,2.6417869210373635,0.9422462753644593,1.7457172971549935,0.851508949354803,1.1737161192272838,0.5300215476914465,0.7534042338062371
TIC 374828411,4771.249320313536,4564.074113210291,5.082610852262391,5.588201963204481,5.143480593326234,3.0002191116628474,1.6730270394430733,2.860168529977643,0.9952939686385117,1.3349177026228027,0.4536482237211855,0.6832942446028775
TIC 386956587,6652.6189361931465,5062.5863443232165,2.7903274729237175,3.134450333582587,3.8387979247192208,3.8857076691968264,1.943473283487828,2.142623786656489,1.584822488228131,1.9785704359067604,4.3473025565256895,2.2723793295571753
TIC 57229962,6884.53768811357,6710.059307396037,2.978580263310631,3.3016901516184336,4.366348834505021,2.8028570128128214,1.2169417428197629,0.43151137310920545,1.370150877935853,0.8833514022014078,3.7266957607370235,1.3978496633555777
TIC 67707714,5473.192896274154,5103.956929198785,4.486379203214595,5.415329024641995,4.686762781503296,2.749650173295957,0.795526068219987,1.9803874125741732,0.8190467153091866,1.3173143692725893,0.5319470320704085,1.0406265148623748
TIC 29780293,5914.506790310244,5741.386843454264,3.0933470214914323,3.177581651600787,5.045774172076117,3.6056919157170895,3.1673672701457942,0.5001098460435633,1.9656336909475876,0.882404132165369,4.1779894535355915,0.7476362167524189
TIC 100765074,6579.965945872266,6566.715677292252,2.6211222120715885,2.8194135564690486,4.3446297703998225,3.372621740677091,2.0983245631853107,0.4054794719153723,1.872949138521514,0.9316088540419427,5.810781931251128,1.4260938002203358
TIC 13135572,5718.037864429142,5470.285232906024,3.299435919100959,4.305923614774183,3.6044052796233874,4.045913244032398,1.6954230397725756,3.912465999007634,1.250769292470861,1.8877956767822337,1.4778506743238577,2.819927145132224
TIC 178859380,6002.128815669777,5332.800169199404,4.264225704886128,5.4401885106962755,4.464200436687421,2.513524112929379,0.402650662848804,1.5444893394565682,0.6732985221905523,1.336919566932157,0.5199057201867731,1.2773791564993167
TIC 247003050,5319.003413862021,5144.619337092228,3.543762513169998,4.782604293341066,3.6155469440483294,4.214213123086589,1.514597200345592,5.4455800279275515,1.1605786855764495,2.1234405510087395,0.9527046449950184,2.7911374401397935
TIC 252725557,6637.582756676677,5991.64665357306,3.8708429860936766,4.731166728551496,4.421194354853836,2.1763691215134804,0.36683758087465984,0.7200431551829576,0.7631374098784579,1.0802511285881045,0.9989259804641842,1.328991667631074
TIC 261259291,6571.554268938417,6566.2558049345225,2.5236578206132245,2.9355382475616993,3.6535249806632426,3.906865070478813,2.531229685115112,1.2179702549586076,1.7799677765203386,1.2809005009178365,5.22137278235219,2.6951938546596876
TIC 302625238,6511.575048982796,6452.705489225143,2.7742784706090298,2.989621990902213,4.430947924739855,3.3535159541364203,2.1260131402843614,0.48449230099938334,1.768314418919159,0.9272198377088994,4.9676524475893755,1.317106309169505
TIC 308018120,5937.199122759185,6015.266809706351,3.5311272499082307,3.8590821189538635,4.689896437516079,3.016081049835443,1.8004514359662196,0.7387313165095206,1.425201707887466,0.9470369169230816,2.2303198642013107,1.0376273847425654
TIC 36883123,6162.481967670676,5912.975301207189,4.195832943304789,5.208742274929673,4.605481723727497,2.2163396877011703,0.4179515448930615,0.8823922450240947,0.7105525611603485,1.0189374216865326,0.643432643033181,1.121520743144082
TIC 388705796,5794.761867869052,5621.476649062562,1.9481439267062965,2.217891971778723,3.1230613043165394,6.731797052697251,10.825119827881492,4.553856393536341,3.185711223387961,2.2312226207063537,10.112143204171831,4.393144397738567
TIC 76094083,5745.56195886899,5675.822980424492,3.4198022650683235,3.7858208036348104,4.414380701940421,3.558225226351805,2.593676770520395,1.4012707114062943,1.5740800030035367,1.2075973813805216,2.3860068081994688,1.3373581208728453
TIC 114500611,7337.628558347898,6483.859756348597,2.2325884905856714,2.3706493111179467,4.500022188996851,3.4573929412651987,2.0089932549758696,0.31474941042596877,1.851887832376932,0.889578594305113,8.78496985438536,1.2359221748657183
TIC 18636142,6461.058000207561,6504.563456328359,2.8798886277709723,3.327599803954458,3.9435352475347765,3.456837450177823,1.9558782314558325,1.021692180172994,1.537194234816986,1.1421223437247359,3.638815855613534,2.0634117580966524
TIC 199682033,5922.960615204155,5150.76019250188,4.8331131602514805,6.371656525814072,4.847260011056701,1.9533112569404605,0.12861943901108971,1.0081619269073598,0.45024302369556185,1.2013272370390342,0.22046385120189452,0.8976271822782717
TIC 219517559,4943.185374374243,4769.213804481903,3.825648515843632,4.653351006071445,3.8954693396081206,4.630952363796301,3.1485266701662673,7.142595980313504,1.426172281512634,2.172043578969706,1.0731479432881208,2.156811865818982
TIC 356199330,5435.20429550984,4611.507014385491,4.019749058740855,4.44344853239433,4.408499598188022,3.530206647590234,1.900480373346277,3.0108855084156994,1.2993750851578103,1.8342998069855871,1.3020287892144458,1.3446218391554203
TIC 380127556,5645.8891930037535,5498.246255734736,2.649465735527704,2.946173677355408,3.6998250981023992,5.291116738609977,6.5573239563577985,3.2164745261660292,2.399697786501194,1.7883091276059022,5.170476029420245,2.5826762019871454
TIC 382450659,5471.241398493902,5215.214921776221,4.9857845334403095,6.0845358600031645,5.12994217298671,2.10120055831302,0.3825801293363714,1.1178312137227278,0.602250350492072,1.0287814651229645,0.2872008070734586,0.6918678192656897
TIC 405533713,5243.913431222479,4803.181217652413,5.135654664657036,6.314687189227589,5.0758110882033165,2.285754187516932,0.37442952604009494,1.6714249733696944,0.589667948358594,1.243471468681436,0.2323406094999887,0.7272363270512662
TIC 445133704,5632.618138859304,4758.849533016175,4.37230680978046,5.863941333692397,4.238446294877288,2.8811817451128356,0.2826477479725214,2.7741977748330537,0.6289948673332031,1.8627852116081907,0.35190340293824013,1.5726116262014003
TIC 72637266,6496.322142803663,5980.805468003337,2.9907673861216164,3.4428262902599465,4.006788978886411,3.496150474023917,1.8637696621072977,1.3504481787466907,1.4419680028263457,1.3121359601150715,3.2724233578171726,1.9466344658543961
TIC 147610499,6679.149408104714,6171.171630254503,1.8164705094220794,2.6770080697328456,2.376653619067491,5.899454248957124,3.6220443346269673,6.21861787679954,1.940939758510492,2.610898647600247,6.6251661173048,8.736521547360768
TIC 429353316,5012.744159764165,4131.913395358979,4.714869479313569,4.940155953597094,4.911531005068358,3.3980384327463304,2.153924864489563,3.5653394362815503,1.2152726302589099,1.8123720910216425,0.8240197454931525,0.8460335740926562
TIC 1102093577,4957.09564954162,4618.968984216936,5.368209070639361,6.316486174028869,5.236395070768662,2.432154740337236,0.6334203795355317,2.0613318906881277,0.6593320003278229,1.2487827210522144,0.23195595700720184,0.627251880052074
TIC 141782808,6537.438021985486,6375.217073805375,3.0517013444463137,3.3783902303671205,4.35845699426032,2.966198406622425,1.4554314610744248,0.5539445346254432,1.4667725437956065,0.982142793673207,3.4725132205075555,1.4080471643309358
TIC 149622009,6379.912509484404,5823.746693789376,5.618195581272963,6.64928246754143,6.008910781253893,1.1302577164197989,0.08409184853465661,0.21358297138651525,0.34148375429007466,0.5503878993450185,0.1707210263420888,0.3079184326705009
TIC 164720673,6396.790761533223,6703.254615124569,3.737978900980657,3.8733661027535233,5.7184653122613875,2.0306799278266063,0.7513387478107624,0.08766642601206942,1.219715312755879,0.4748883252654943,2.201169867050074,0.40235914359136776
TIC 22129510,6564.43375470558,5968.176723939223,2.7424123322673015,3.707480665767157,3.200275037426298,3.7422744498020366,1.0621246293049427,2.5214739254292704,1.2501591792093485,1.910370620495563,2.5645297039392694,4.091569994281709
TIC 356198153,7740.312836530158,8060.975562554526,2.455025101321855,2.643730689842051,4.417860557825898,2.5750679376713297,0.92069567251997,0.1249406279210738,1.4675497127132355,0.5977349725039374,6.83136867674082,1.333078661847945
TIC 377296926,6592.392586691351,6562.4577331883065,2.881015847982635,3.054217469853913,4.713207361219973,2.9341975241307603,1.561561773326194,0.2601559105367921,1.6746589255416953,0.78719345824897,4.6807237677723315,1.0155868186561854
TIC 423833748,6693.858325793103,6510.924188626718,2.934233847138083,3.208303609720366,4.424600534059747,2.983068272306792,1.5011200996558673,0.4526446999379232,1.5130115120775267,0.9133781185465571,4.061426106632387,1.3248288788669895
TIC 441741602,6877.228302157581,6608.307940428788,3.2090222003440294,3.314438275502866,5.574554460922291,2.381111497733648,0.9963716901572521,0.1077576662936097,1.3650276497808578,0.5221130519882801,3.6831948084249437,0.4593864864656751
TIC 66080183,5030.457194072721,4750.732697782942,3.2573893626526607,3.8970034150523274,3.4477865449042637,5.6724559761480995,5.2664991170132325,9.940914436982085,1.9509241668784483,2.6901561386074366,2.153766581238416,3.2575071830529914
TIC 442830360,5169.457950536238,5046.208017946325,4.047447622322893,4.317841098908689,4.789685166401656,3.673633530128954,3.3422886472500677,2.251497020909254,1.521940777472062,1.2852530857297515,1.4617178836083282,0.9465115838689003
TIC 169554360,5431.711761114908,4964.799854172912,4.0972474001473405,5.229502384887133,4.196627153290438,3.3474364224262008,0.8990280997063519,3.41472521165034,0.9059037947232012,1.7447253271034355,0.6312465914170994,1.6343653213667055
TIC 11598102,5919.7517874705645,6036.4779533473875,2.9799812838463797,3.1873949841809797,4.451204045529275,3.8005849209453206,3.2762985889727054,0.8357534048356844,1.9533047025498844,1.0496582906600525,4.140397201064173,1.2927614165924093
TIC 179739831,5704.078383168058,5427.698428570634,3.345407338134809,4.256406466166699,3.706581602124909,3.9898649986390864,1.8083927919339486,3.6653731151641495,1.2858897198166628,1.829398200483793,1.5468115758400147,2.566654188964256
TIC 193823999,6716.951997318118,6807.035078610618,3.6848077909124317,3.918069983756772,5.332119999363847,2.0462165044878686,0.6880103992125064,0.1530614725590843,1.083671124032142,0.550194202637478,2.112379803296059,0.5743174344162902
TIC 206537272,5762.6780790053535,5504.040319190942,2.227393407912883,3.522103289166328,2.4053969004871534,5.993907168378273,2.5243681550565675,9.559500588498572,1.7667968278194766,3.239018240970693,3.0419963199724163,8.508269540163441
TIC 229461186,6534.121956663179,6036.814791813514,3.2395403160875196,4.608396637789137,3.50598119616667,3.1286917401071506,0.5138609688391464,2.0204239556167436,0.8333015454754849,1.6219745812923543,1.1185137953126727,3.087503947514276
TIC 24066056,6544.111244759695,6272.809124718088,3.246460379816301,3.6417557739513096,4.3991967689840346,2.844488033558317,1.2542822798362772,0.6552754409480495,1.296592441507504,0.995617423271991,2.7245682439497947,1.3561923566316525
TIC 310169616,5872.129339594359,6067.882506583053,3.1283515079702813,3.467586443789621,4.2431437982885,3.7410888430967333,2.938153128669262,1.2135826908859373,1.7448073128377748,1.1432807778840877,3.1986404312466368,1.5658223245610454
TIC 32200310,5949.244626889258,5571.565119474993,3.8194643411574845,4.829370883316713,4.159302088459319,2.9519035956426114,0.7818476717549857,1.8772092088634644,0.9079421045846473,1.4094223295009471,0.9125394461145957,1.6915278968674254
TIC 34274139,6467.813084942282,6163.857894277279,3.0206855187518222,3.2608972523939306,4.558374800397132,3.1727372920805177,1.8740308938861021,0.5558984944894282,1.5818365836824058,0.9582433008600475,3.869377474057392,1.1712512835789448
TIC 345535359,5394.324071988443,5373.141684149323,2.9617672994923954,3.087268509422058,4.190277219253914,4.974025061647406,6.911156004763074,2.2425196086851336,2.4633618865196394,1.4939771601233232,4.54038412179318,1.6439519220612897
TIC 405352433,5209.511498636231,5109.367660849594,4.364170905634092,5.297024139158875,4.544374005777268,3.041427904057501,1.0745469848185676,2.510031743328978,0.95467853364104,1.4036113657754803,0.5931852512384128,1.1864526144785226
TIC 420899356,5651.097342275239,4671.741694366124,4.142654631293378,4.374516988294762,4.961517558337847,2.9494760590083775,1.644645836712848,1.3581153376499675,1.2407577968834582,1.3854626780585269,1.3873728924902353,0.807965797294506
TIC 207496306,5877.416472052983,5406.563778573598,4.287188841728273,5.528725714174637,4.450052696591609,2.48905060946771,0.3988449056210571,1.5087070794572566,0.6741210874898252,1.3091903237751228,0.47919217139323383,1.29413302872034
TIC 31655792,6015.330251065625,5604.935798544704,3.0726460841960694,4.479322714775667,3.2412212228432833,3.9388825488505903,0.8739903677873766,3.8691994066330118,1.0434520403677656,2.1255457536173763,1.259710977914845,3.9401387074187664
TIC 62401138,5836.821580168018,4846.162357319415,2.9848120875141415,4.296383057272839,2.9202343743163324,5.219342179792525,1.2631389262329114,9.406745587671614,1.2056646834180986,3.2961972482932675,1.4908940347795014,5.295491195197028
TIC 1981434196,5447.642923272339,5032.975599031875,4.667058790583919,5.6854702242100466,4.819489469336618,2.36173525767369,0.44275111439832404,1.4425490192765988,0.7300366709883453,1.2744078665160703,0.41477436806025214,0.9208824837507461
TIC 232984544,4944.066764457679,4408.513219550239,6.554953948900167,7.499277652191975,6.3050024550928265,1.4916976314587431,0.18571446714932632,0.7946294365693086,0.3844428631920954,0.8380524523279482,0.07803491095182329,0.23442235144993218
TIC 255907472,5655.2889700834685,5491.372270077846,4.16457096011276,5.324910927206424,4.389131139003545,2.728972142017465,0.6368180531463274,1.7616624594046975,0.7997683243622883,1.3051727165841907,0.5781434758159839,1.3688237894068631
TIC 272079818,6984.944904915315,7066.019091731265,2.7466863907008072,2.8978676315927037,4.826823073463853,2.636051427677659,1.1262356663018904,0.12830986786250767,1.6030847806733821,0.6443795650882432,5.40571253872957,0.91468334353191
TIC 309659124,4912.114330394269,4535.0899411981645,5.760239545224485,6.161484858558184,5.9071527223390925,2.1648154808171785,0.8250687401015346,1.383679956846219,0.7211441458819665,0.9511601212859697,0.2675506784433727,0.33817298507573507
TIC 335661706,6499.976694454615,6620.904589614241,3.4646508026937095,3.7315802500110364,4.956217060670023,2.3266324227495,0.9100327268774668,0.2262040848413371,1.2610036340102242,0.691477281489752,2.508233130386392,0.811919880785539
TIC 438365313,7751.777967666748,7362.763301560799,2.1707466326337532,3.7776569129248667,2.4511878484198095,3.2529090634327735,0.33116334028170236,1.558787902544411,0.8680044564073887,1.772297967704351,2.4040153414468253,8.156894788971764
TIC 441128066,6581.967933619891,6567.5432537778115,2.771830957090571,3.0891511550369644,4.112262542386284,3.3643874635289244,1.9558910086451455,0.67761050016541,1.6531575003169623,1.0365675169984792,4.532518005212911,1.7664241069557314
TIC 445067946,6488.555614755065,5193.315905341536,3.1660707742820895,4.485409637191979,3.2717235409406475,3.8677888069707125,0.5551463121011319,4.099754661407263,0.8942892224217243,2.441303628151759,1.2526684667418657,3.830986165208126
TIC 53603189,6597.901814243733,6967.466727586259,3.0385539304958584,3.210286485794197,4.8975420151561435,2.608687658722619,1.1997515142705988,0.16023822948291888,1.5559190324132173,0.6415016491337543,4.054015507969953,0.8570046807452764
TIC 57297550,6913.572144393703,7648.824890995104,3.515199246606471,3.6413616356860468,5.764682429621912,1.7567244216558295,0.46676457149992406,0.031914548946330966,1.1619265132284053,0.3570508441984013,2.725557481973762,0.3855911239270345
