name,RA,DEC,Period,T1,T1error,incl,inclerror,q,qerror,f,ferror,t2t1,t2t1error,l3,l3error,r1,r2,l2/l1,R2
TIC 441810703,267.1008482,77.05329006,0.336753861,5517,11,41.79997063,2.891680618,0.849702777,0.120304906,0.598296509,0.292237681,0.96057129,0.018336996,0,0,0.452694438,0.424903154,0.756062614,0.99683156
TIC 380127556,181.848397,-59.950766,0.451035981,5800,9,54.7358529,0.637744471,0.178902652,0.038330843,0.770054673,0.149033598,1.012674067,0.006286809,0,0,0.565528116,0.2816015,0.24924364,0.998986635
TIC 55896456,68.63818066,-9.320752501,0.464436039,6718,56,82.97906363,1.198294607,0.502082788,0.066275318,0.84196401,0.036573595,0.986991783,0.003814905,0,0,0.507897583,0.392601715,0.558444716,0.999653465
TIC 143043815,55.27146862,-30.41855308,0.363363384,5156,58,33.22331,0.297874706,0.905547079,0.036675418,0.773769623,0.048125145,0.921080661,0.00330143,0,0,0.469550584,0.453039144,0.672632463,0.996768747
TIC 74073423,83.09282062,25.35210859,0.307467423,5752,14,77.17430699,0.315391041,0.301385684,0.00581281,0.205681329,0.005449989,0.92083231,0.000657971,0,0,0.498738642,0.293260753,0.255620806,0.997886108
TIC 393943031,344.1080681,-36.01389545,0.449770587,6510,9,82.18604323,0.207183523,0.173150742,0.000801058,0.416082772,0.013210085,0.976098901,0.000869661,0,0,0.552415523,0.260477842,0.201424675,0.999468602
TIC 441570283,109.2705143,77.17388733,0.298286045,5298,92,85.5118,0.4121,0.444,0.0045,0.1859,0.0214,0.9724,0.0016,0,0,0.4652,0.3245,0.4358,0.9966
TIC 258776281,286.4916614,70.20770724,0.521831565,6287,29,84.48628136,0.854750281,0.179339066,0.002316257,0.582267978,0.039813647,0.972347392,0.001821343,0,0,0.556997338,0.271705745,0.210382302,0.999158865
TIC 408256672,70.56744431,-25.82535472,0.254993004,5477,18,74.89419577,0.233529848,0.921015797,0.105395516,0.049511227,0.008741152,0.955428338,0.00147839,0,0,0.391695643,0.377220187,0.784312425,0.99746173
TIC 33596460,28.89936158,-24.5467361,0.424211459,6778,5,65.33688533,0.865007579,0.314190498,0.060403257,0.275802438,0.049002909,0.980972856,0.003417856,0,0,0.499355668,0.30116208,0.338588935,0.998996762
TIC 336208030,281.2776156,40.18651595,0.577975323,7474,177,73.49775841,0.400810743,0.467528145,0.042460226,0.493088864,0.026543398,0.991961784,0.001494242,0,0,0.483522197,0.353141412,0.511679644,0.99867201
TIC 233043818,259.6034852,22.48090149,0.371003133,5698,24,74.95245412,0.681212537,0.30562174,0.02052626,0.18490231,0.014592447,0.953642326,0.001550322,0,0,0.496413732,0.293099171,0.292277278,0.999342596
TIC 173795590,349.9605497,44.12595844,0.332953266,5736,41,76.14180255,0.138208378,0.209007345,0.001405235,0.339799717,0.013721785,0.971565305,0.000908064,0,0,0.534828224,0.271454956,0.228858683,0.998469592
TIC 358069227,38.50464793,-65.60952303,0.398643659,5663,28,37.5720578,1.073050438,0.97163236,0.034733391,0.848055506,0.133910923,0.944211942,0.006966467,0,0,0.47608159,0.471408378,0.798473488,0.99887291
TIC 420899356,273.3681238,52.09423508,0.338671601,5632,4,32.42434223,1.125614473,0.199361473,0.040412095,0.687493076,0.160552252,0.787407844,0.037419692,0,0,0.554605128,0.286585137,0.101693496,0.991772215
TIC 56001210,69.7155277,-9.532366201,0.378697765,6325,12,89.3270936,0.718154122,0.250813923,0.001196562,0.309212537,0.013021316,1.005466718,0.001160611,0,0,0.519120233,0.284479408,0.301699844,0.998988467
TIC 55756813,74.949033,-65.138119,0.343085241,5877,3,56.22845096,0.693473099,0.78524471,0.156652358,0.092747722,0.025230473,0.956859317,0.012707036,0,0,0.409394077,0.366974221,0.688671821,0.992046944
TIC 163965682,321.2514885,33.68748253,0.786125343,9093,241,69.9549,0.4605,0.4012,0.1233,0.158,0.0315,0.9622,0.0016,0,0,0.4719,0.3138,0.4005,0.9992
TIC 31529171,89.666096,-68.196057,0.461811696,6256,16,56.48813894,1.15938815,0.217026236,0.068508021,0.446272271,0.147813192,0.998576916,0.011995108,0,0,0.537018852,0.280320797,0.264771401,0.995819385
TIC 152362660,65.26182967,-26.49098728,0.395988977,6360,6,65.98502027,0.281641562,0.397380555,0.033988901,0.280959343,0.018550742,1.002732677,0.002001445,0,0,0.480777121,0.321753619,0.446049281,0.999629448
TIC 50170202,278.1119442,14.5568792,0.588217238,6609,35,35.18791967,0.872842016,0.884413687,0.095789874,0.676361059,0.139140638,0.972155387,0.006660965,0,0,0.45907589,0.438302623,0.831675627,0.994456519
TIC 22017780,195.8183722,36.61684592,0.384336416,5967,118,73.05984423,0.226258079,0.332574713,0.009346179,0.414022698,0.009054486,0.995622322,0.000652711,0,0,0.503226952,0.315288216,0.379051469,0.999614321
TIC 38707340,66.454466,-60.512348,0.563747721,6906,41,76.57418361,0.654177551,0.15783996,0.002872915,0.090124191,0.041941513,0.950650711,0.004051507,0,0,0.546755981,0.238443507,0.162213502,0.996924867
TIC 81583239,106.8357569,-23.44039789,0.548823411,7347,15,39.08823785,1.827838461,0.882210484,0.120293038,0.633687337,0.236251732,0.900374396,0.031423599,0,0,0.454314959,0.433015332,0.663584339,0.993688159
TIC 408518243,14.14954208,10.67355984,0.439606331,6993,9,67.21001945,0.11146174,0.950679135,0.081943755,0.048490555,0.004637877,0.966090018,0.001831532,0,0,0.388848209,0.379948918,0.861562217,0.999230105
TIC 441128066,39.63825126,-14.29909036,0.440569154,6313,7,83.58665783,0.066362569,0.37037564,0.000555204,0.321502626,0.003830865,0.98391516,0.000308145,0,0,0.489042837,0.318440825,0.395535247,0.999653791
TIC 422327572,203.192295,-17.758987,0.409530414,5088,76,62.5917193,0.964077749,0.141032878,0.017736147,0.149619354,0.062861307,0.952272316,0.001471111,0,0,0.557953145,0.233302796,0.143849258,0.996353024
TIC 29777922,64.376172,-66.827366,0.530750504,6765,30,78.72428283,1.696237626,0.112524328,0.003892392,0.410625134,0.127436704,0.863999235,0.006507473,0,0,0.583602821,0.228176958,0.093926727,0.996026476
TIC 394896142,203.1052506,-74.60995262,0.738819237,6606,27,59.1876594,0.518284427,0.160448534,0.016734974,0.142794187,0.036802649,0.970601348,0.002303222,0,0,0.547417533,0.241959766,0.177380777,0.997578662
TIC 243319567,289.7003303,55.59433861,0.438977546,6392,135,81.40019811,0.707475936,0.461377758,0.022889086,0.296983589,0.023367434,0.986473562,0.002576284,0,0,0.469927508,0.336261571,0.485935718,0.998083232
TIC 359987981,223.910267,-79.80574,1.0646012,11260,327,85.8325857,0.492306765,0.114861248,0.001080972,0.529661788,0.028666651,0.890063456,0.002571912,0,0,0.585958382,0.234334881,0.120393971,0.99945628
TIC 441200647,335.7197534,-24.62002755,1.155502988,11967,355,86.16051447,0.895592951,0.139440898,0.001195689,0.451545579,0.029428675,0.883211861,0.002066731,0,0,0.569617734,0.245482374,0.139361251,0.999494964
TIC 43864479,77.89214221,-10.57325827,0.594681319,6213,48,83.52738453,0.592584742,0.197806535,0.002101127,0.5714965,0.031857387,0.977082411,0.001366387,0,0,0.549657192,0.279409503,0.232778337,0.999149838
TIC 23221002,47.46976563,-6.892641741,0.445008333,5637,18,80.38892556,0.135627759,0.378466944,0.003374359,0.167610602,0.007083947,0.966587974,0.000729393,0,0,0.477458761,0.309601106,0.370449134,0.999104933
TIC 319291434,53.65433437,-9.129334527,0.351219713,5942,15,67.47156125,0.582114411,0.19812261,0.013455384,0.410253833,0.029976744,0.956488828,0.002402276,0,0,0.542123531,0.270898306,0.210305574,0.996994647
TIC 306772761,121.0431734,-67.91575053,0.41309548,6239,8,67.78197757,0.605769495,0.483951124,0.108046773,0.154077947,0.030482316,0.990882437,0.004425821,0,0,0.455730012,0.329531354,0.505633262,0.998472123
TIC 345451479,57.98765058,9.691532375,0.442872021,5335,21,75.55415293,0.367982859,0.348149819,0.014035495,0.156033865,0.01182928,0.950287395,0.001005076,0,0,0.483798404,0.301893177,0.32064329,0.999094562
TIC 293619461,59.713154,-51.175823,0.310529442,6258,5,89.98829842,0.016025633,0.298801582,0.00037078,0.999882805,0.000130066,1.018258364,0.000415817,0,0,0.547962488,0.349512123,0.41516095,0.998748303
TIC 120499528,285.4108286,39.04113958,0.369363329,5851,113,83.29783505,0.299575364,0.357858536,0.002503486,0.441467384,0.019118461,0.978934325,0.001440238,0,0,0.499465174,0.32385591,0.384116359,0.999071263
TIC 5795305,348.750395,-15.04677279,0.373692737,6008,7,66.88368042,0.432809384,0.125438425,0.003972676,0.518769342,0.022062809,0.954324991,0.001558371,0,0,0.579490803,0.240420014,0.143737675,0.999657174
TIC 158173344,286.0571974,45.94935408,0.894081591,6991,50,63.94602133,1.318765719,0.375199516,0.101789766,0.11035524,0.050107096,0.946777506,0.004927625,0,0,0.474618819,0.304974735,0.348951644,0.998938124
TIC 627436,73.04731162,-25.1940849,0.57837334,7350,39,84.43160922,0.526665404,0.264733248,0.002610339,0.620251366,0.026427759,0.97625065,0.002023547,0,0,0.531923813,0.308252541,0.302297785,0.998255832
TIC 348897766,106.0341078,-63.43075018,0.441897394,6300,8,80.37406315,0.065880738,0.23745556,0.000496365,0.357186162,0.00680324,0.994758633,0.000385648,0,0,0.525824568,0.282752117,0.278093912,0.999089616
TIC 286169068,227.5825213,53.72768286,0.414642671,7057,22,68.3788075,0.989837757,0.562597624,0.203572965,0.174831251,0.05602382,0.985924201,0.004944523,0,0,0.444550361,0.344341066,0.573512473,0.998425927
TIC 29780293,65.010762,-71.245643,0.414210479,6087,47,49.11991977,1.795654254,0.162519888,0.037296537,0.537062019,0.233030606,0.964529852,0.01835434,0,0,0.561991978,0.261353223,0.186002711,0.99718811
TIC 345535359,69.59565437,10.44262008,0.424801516,6142,49,62.44965067,0.844062827,0.200518983,0.036339136,0.533300529,0.108698327,1.007550664,0.005095157,0,0,0.546910105,0.278477574,0.258862046,0.998749875
TIC 229538448,221.7552849,74.68188303,0.300590996,5432,12,84.9366,1.4616,0.4349,0.0089,0.3055,0.0851,0.9579,0.0024,0,0,0.4752,0.3316,0.4105,0.9921
TIC 11598102,20.38732383,-29.13131113,0.423319453,6270,130,77.72966144,0.100965255,0.267186857,0.001159114,0.195215203,0.007084314,1.007508385,0.000740574,0,0,0.50811254,0.282915857,0.315961175,0.999712755
TIC 219788401,264.5058499,63.23901207,0.274390828,4486,15,52.84221309,0.233840618,0.980199962,0.021810149,0.178249959,0.012491381,0.919085609,0.004418745,0,0,0.398748878,0.395252169,0.677806113,0.997875974
TIC 343553606,341.502813,57.780505,0.805441627,9243,247,89.2839,1.8898,0.3937,0.0038,0.7961,0.0212,0.9986,0.0025,0,0,0.518,0.3612,0.4711,0.9974
TIC 193578361,265.7957464,43.45262684,0.258154065,5136,36,78.2795,0.4292,0.3524,0.0145,0.1059,0.0163,1.0042,0.0026,0,0,0.4797,0.2996,0.3945,0.9932
TIC 345180632,177.3329427,-41.66612047,0.770485805,6692,21,48.95943561,0.675226956,0.085766271,0.011887179,0.69365839,0.129309232,1.077139179,0.009279203,0,0,0.610136411,0.219366876,0.156197778,0.996304025
TIC 250114673,356.103878,-5.777268139,0.328555212,6168,11,73.52316633,0.159994955,0.108825622,0.000550748,0.446973105,0.017051844,0.967189426,0.000713572,0,0,0.587099809,0.227218557,0.130671943,0.998664671
TIC 431481388,49.36037309,-75.76990327,0.365122193,5178,11,68.29336542,1.030447917,0.349577703,0.07032555,0.217401385,0.06434603,0.961511533,0.006037173,0,0,0.487175148,0.306316564,0.336996471,0.994044745
TIC 388179896,51.89797134,-72.84865466,0.310044948,5389,95,85.55777997,0.183831906,0.484171947,0.002022354,0.181927385,0.008582962,0.92083831,0.000954743,0,0,0.457687292,0.331697598,0.382815035,0.996893887
TIC 410392940,166.577361,-18.757759,0.362727244,5799,111,57.94656726,0.28629965,0.121371736,0.005134786,0.133538452,0.019575662,0.991872418,0.002771272,0,0,0.569189789,0.22256377,0.14794929,0.994460794
TIC 406732815,188.2511842,26.71621178,0.23741006,4824,73,79.7041,0.2657,0.3653,0.0043,0.1508,0.0117,0.9664,0.0009,0,0,0.4794,0.3055,0.3526,0.9965
TIC 438365313,97.16814676,16.49372138,0.494429582,7149,65,65.958789,0.485365304,0.263531866,0.023883514,0.224303739,0.029189547,0.99233917,0.002756953,0,0,0.510759585,0.283525171,0.298491871,0.997774082
TIC 23936839,276.0670947,35.24123663,0.275306208,5734,17,62.1309896,0.345003641,0.896966102,0.115652758,0.123219939,0.019230435,0.953238451,0.00550097,0,0,0.40082595,0.38176354,0.766205558,0.996949207
TIC 119364533,97.28658606,-38.19936062,0.64157186,6936,23,59.26877818,0.945624609,0.167092615,0.034939803,0.200508347,0.071399158,0.977165255,0.004635559,0,0,0.546411392,0.247508751,0.18967421,0.99836192
TIC 198109209,209.5997705,46.8505704,0.957274283,7322,15,50.5404984,1.076049331,0.074543523,0.016302452,0.684176301,0.211344937,0.858185497,0.013030181,0,0,0.618732349,0.209289307,0.069408708,0.997732767
TIC 67707714,225.1955812,35.13187321,0.317055336,5804,38,82.49161447,0.104051822,0.435807956,0.001508429,0.143566828,0.004489944,0.940325948,0.000563295,0,0,0.463920433,0.31978461,0.380784103,0.999590257
TIC 57297550,251.7231677,38.64951231,0.382002961,7185,14,85.08516076,1.699553072,0.080595503,0.000534857,0.965368432,0.008891456,1.060941841,0.002249668,0,0,0.621197077,0.224792622,0.147488666,0.996391238
TIC 111874795,208.3200298,-35.85302946,0.561163368,6562,31,56.29901491,0.454150196,0.133368945,0.018570143,0.768179828,0.112251437,1.04529359,0.003862172,0,0,0.584280402,0.256269777,0.212029196,0.999078796
TIC 199612934,249.4327672,55.79594687,0.601481872,6877,30,85.52282953,1.431650139,0.111888693,0.001573717,0.308812613,0.04066678,0.908764255,0.002562001,0,0,0.580839302,0.223879024,0.109449318,0.998674867
TIC 311235572,253.9881087,68.20008934,0.619216896,7230,33,80.29636283,0.155785097,0.283176589,0.002077694,0.751451572,0.017401522,1.00720018,0.001395715,0,0,0.535185398,0.323667347,0.359618962,0.998292363
TIC 146520491,76.57357669,-20.13133163,0.448419751,6330,7,75.96794216,0.113219938,0.152927794,0.000734123,0.331431141,0.012312552,0.971262711,0.001008788,0,0,0.558339776,0.247028886,0.175649752,0.999309894
TIC 365062319,20.67996012,8.880423651,0.429790676,5855,21,42.20409675,0.421481567,0.949902658,0.037735129,0.853441556,0.03980214,0.907941237,0.002583754,0,0,0.477785497,0.469437159,0.684048658,0.997747228
TIC 120607386,4.691119658,-39.67726181,0.41375033,6660,5,62.95689151,0.116721294,0.207560391,0.003725701,0.587576054,0.006968944,0.98851287,0.000796758,0,0,0.547052822,0.284444242,0.253089382,0.9997355
TIC 123036121,113.5241639,-46.17590239,0.490470904,6828,20,64.8573,1.4153,0.1223,0.007,0.1386,0.0403,0.9539,0.0021,0,0,0.5687,0.2233,0.1324,1
TIC 88465768,46.76261295,-26.04234581,0.526641608,6845,24,59.79239056,0.221586865,0.236979778,0.023010174,0.720571706,0.078144518,1.041396323,0.004172008,0,0,0.544883278,0.304402641,0.339245234,0.998840703
TIC 193553960,245.6697586,43.01893796,0.413873378,5906,11,69.92961201,0.732328187,0.198588377,0.014756973,0.035082123,0.005181663,0.968212829,0.00422509,0,0,0.525432299,0.251902394,0.206191283,0.996791713
TIC 141782808,117.6502172,-18.94059913,0.41753372,6547,5,55.23098371,0.078282837,0.220233898,0.002122843,0.865129546,0.012292081,1.007719357,0.000936805,0,0,0.557223587,0.30683813,0.297202998,0.999727109
TIC 293565743,149.4444044,-17.01294073,0.664609512,6578,31,74.9488657,0.13663175,0.114249646,0.000479823,0.247062266,0.013003527,0.884221478,0.001326289,0,0,0.577378203,0.222936053,0.098827323,0.999428474
TIC 169814134,297.6400819,40.23608457,0.707135529,6482,43,69.15562347,0.599647147,0.292278827,0.03178561,0.474153688,0.044884877,1.011466173,0.002550626,0,0,0.516486813,0.307739332,0.359316576,0.997928074
TIC 17563811,243.8341211,35.7072952,0.36092298,6212,7,86.35414498,0.623859577,0.120754905,0.000977378,0.528225847,0.020199431,0.999473394,0.00127677,0,0,0.582455112,0.237973596,0.161922859,0.998998363
TIC 231262738,334.030152,-51.01348407,0.302400796,5180,7,30.42065294,0.357031839,0.380444573,0.075739301,0.409516603,0.127183391,0.746468818,0.038307101,0,0,0.492753501,0.327157541,0.124138811,0.995906081
TIC 456130400,51.66201092,42.72355109,0.351843355,5714,108,64.55414784,0.077439378,0.542501771,0.014972589,0.071160772,0.003912357,0.9490162,0.001084117,0,0,0.439836129,0.332917061,0.475735301,0.999138401
TIC 314459000,319.1213059,55.38617321,0.858668508,6469,37,81.08320118,0.2799738,0.199535159,0.001498279,0.619735549,0.021584491,1.016886581,0.001171522,0,0,0.551319671,0.282827407,0.267887464,0.997111952
TIC 198313291,233.6883923,62.27898056,0.306770625,5364,94,84.3465,0.3314,0.309,0.001,0.1779,0.0089,0.9526,0.0006,0,0,0.4951,0.2936,0.2929,0.9965
TIC 387614873,103.2285675,15.41740202,0.665453411,7065,33,37.15284184,1.135640278,0.933853847,0.077608462,0.813973142,0.13651342,0.928507236,0.008428719,0,0,0.47321904,0.461953798,0.758207047,0.994508913
TIC 135230069,186.146988,-38.80544431,0.314439831,5240,26,60.27996649,0.187371875,0.986649847,0.019301209,0.219574379,0.01182908,0.864001252,0.002837902,0,0,0.402329826,0.399984574,0.552810385,0.996080156
TIC 441734144,258.5581599,76.70397497,0.325230055,4957,10,87.30690371,0.171571425,0.562275532,0.001088601,0.270807919,0.005294871,0.915608861,0.00035168,0,0,0.452112517,0.352183318,0.422448586,0.997727184
TIC 197933923,59.39157147,-54.35738239,0.49056889,6794,151,81.51912422,0.263700788,0.41356672,0.005254301,0.865899066,0.011510334,0.981855161,0.00125778,0,0,0.520578913,0.37306621,0.470307902,0.999812321
TIC 429973546,96.00321476,20.47025358,0.350542367,6730,84,72.80923179,0.202083807,0.238669771,0.004105833,0.254958177,0.006009864,1.003300324,0.000747898,0,0,0.520328278,0.277373108,0.284253969,0.999676573
TIC 76305215,274.1283607,37.18414666,0.401567195,6195,10,89.53527727,0.429032069,0.299225926,0.000815098,0.15459733,0.006294183,0.964603318,0.000719625,0,0,0.496493999,0.289510255,0.300738731,0.999594037
TIC 1630438,188.135365,-15.522901,0.39053525,6113,17,30.23511351,0.241124376,0.685076965,0.214379269,0.237937739,0.102548093,0.822954737,0.031233496,0,0,0.433448855,0.367568829,0.35692569,0.995819825
TIC 272176884,296.0164125,43.43675176,0.83661499,6142,27,82.38557327,0.661245864,0.45409155,0.015949218,0.147995538,0.019704751,0.966189722,0.002199213,0,0,0.460719713,0.323606142,0.438781802,0.999447632
TIC 143058907,167.8772958,-8.261359046,0.60027114,6709,8,86.0946344,0.756598862,0.102040648,0.000898458,0.303687615,0.024254867,0.900562192,0.001863411,0,0,0.587404499,0.217488438,0.096835126,0.99901457
TIC 140757590,74.281108,-72.131945,0.418483992,6222,55,88.85629208,0.953348803,0.216880596,0.001961217,0.734726496,0.019009951,0.980259291,0.001908223,0,0,0.55139871,0.297030969,0.260558374,0.999402619
TIC 172274437,299.5124343,39.41096339,0.489369979,6209,48,50.39142657,1.444267633,0.163969728,0.031001057,0.751184964,0.146004433,1.048902604,0.012728632,0,0,0.570314154,0.272904666,0.256493169,0.993969467
TIC 30028394,43.44756707,-13.12898278,0.457456923,5903,9,60.25766177,0.56066421,0.378471544,0.081688895,0.493657068,0.092294705,0.991431068,0.005627151,0,0,0.498823234,0.332886663,0.424979586,0.999394197
TIC 117978580,71.74587639,-14.62313781,0.527791079,7083,162,80.9052,0.2486,0.3465,0.003,0.337,0.015,0.9756,0.0022,0,0,0.4953,0.3137,0.3668,1
TIC 367235822,308.7821981,24.51460026,0.677722163,6980,33,56.49797338,0.328660396,0.937416547,0.063735428,0.140707259,0.019225023,0.967473327,0.007361138,0,0,0.398783387,0.387462692,0.853905427,0.997268256
TIC 229687624,262.9885266,57.17843194,0.617437463,7544,36,68.58473418,0.046279629,0.792075364,0.010423188,0.246738401,0.004244189,0.977262705,0.000769972,0,0,0.422542724,0.381921479,0.764971891,0.997600325
TIC 101645013,259.5178966,41.84407054,0.471628922,6728,39,66.2845417,0.693751795,0.34077966,0.059370647,0.440836953,0.060612837,1.013387396,0.002270083,0,0,0.503075754,0.319343983,0.411939164,0.999075167
TIC 289166536,277.5686555,41.08567435,0.46897116,6626,144,87.69158094,0.973512074,0.265725657,0.001401295,0.535318569,0.014564403,0.985846799,0.001037936,0,0,0.526886311,0.303134807,0.309391223,0.998915751
TIC 377251803,286.2640552,57.12566041,0.571399374,7396,37,34.22653056,0.854596582,0.979238692,0.019820518,0.928446556,0.092203061,0.902964036,0.004988023,0,0,0.487584186,0.484318231,0.729834988,0.998104966
TIC 316333039,188.2285041,54.79524842,0.824486179,9392,253,73.17016668,0.361321202,0.129760065,0.001692768,0.587676458,0.042388056,0.96846153,0.002082962,0,0,0.579554854,0.245937153,0.161774019,0.998814626
TIC 91606450,88.52140934,15.87948738,0.763229633,6608,28,53.19006128,0.724164171,0.113308771,0.025597904,0.167930584,0.163761259,0.97424782,0.00618744,0,0,0.575561199,0.219376752,0.133198291,0.998904001
TIC 116484192,233.0200857,45.56872995,0.276340043,5644,7,68.80173991,0.913963055,0.305845767,0.047318795,0.15944281,0.031946203,0.945265669,0.002988781,0,0,0.494922852,0.291568013,0.282544951,0.998451191
TIC 141914317,94.903365,-72.033454,0.437477521,6242,56,77.35186001,0.275746578,0.269275604,0.002955872,0.28435986,0.016720703,0.994328278,0.001664085,0,0,0.512188743,0.288839618,0.307835448,0.999461686
TIC 50717816,126.4982859,-6.228882714,0.383411166,6454,22,73.22498449,0.354632413,0.191135304,0.003644264,0.676032385,0.02087016,0.983570095,0.001744632,0,0,0.556878761,0.282211554,0.235087226,0.999512977
TIC 114500611,11.8168185,-19.69547566,0.488597183,6588,7,89.42578609,1.084007009,0.177239724,0.001117656,0.244396788,0.01633164,0.867317296,0.001479727,0,0,0.543517643,0.253916751,0.135732147,0.998715982
TIC 93053299,84.31962499,-23.66116787,0.411003802,5898,9,78.63950996,0.42134315,0.146736302,0.001910016,0.515184691,0.038929661,0.984287907,0.002262728,0,0,0.56834877,0.252237301,0.182247454,0.999204996
TIC 232524483,193.4754737,77.20368892,0.37280973,6384,5,41.74993549,1.219130484,0.148603532,0.023421532,0.753926457,0.172594459,1.036348755,0.010867733,0,0,0.576784631,0.264616764,0.227201817,0.999289056
TIC 250957384,337.7982411,-7.082636332,0.339564346,6005,4,60.15654774,0.478040504,0.100171782,0.007467232,0.437209577,0.05144586,1.012859837,0.001939318,0,0,0.592604955,0.221079199,0.141749901,0.999403593
TIC 441219121,294.6531523,-41.1467486,0.486413184,6360,10,43.42820775,1.069034711,0.106936154,0.022102763,0.788953036,0.165818992,1.060140667,0.011121051,0,0,0.598994192,0.239454554,0.18285467,0.998992008
TIC 13135572,76.73736225,-29.60247048,0.398150263,6075,122,81.92221519,0.249319676,0.472653281,0.008787979,0.167642836,0.0063601,0.966446284,0.000958836,0,0,0.458695339,0.328519297,0.455341765,0.997777605
TIC 77178193,68.59511648,-36.57024753,0.829597446,6479,3,85.01518562,1.23864701,0.098759351,0.001411331,0.324060576,0.049319014,0.925920184,0.004706966,0,0,0.590348401,0.216049365,0.102559718,0.999183358
TIC 180697987,272.0775586,34.57671876,0.291437539,5800,34,78.75381354,0.203881459,0.295599911,0.002574891,0.521557019,0.017106885,0.892625224,0.001088176,0,0,0.518453221,0.311890458,0.234024876,0.994665839
TIC 82224114,150.934449,28.23239376,0.375942544,6248,5,74.71097202,0.089584944,0.339454614,0.003330522,0.306111735,0.004573379,0.96933868,0.000489378,0,0,0.494982925,0.30976581,0.350780034,0.999374369
TIC 381950094,76.68788332,-59.05095994,0.427255075,6301,131,56.03567088,0.263662795,0.197549276,0.016087159,0.584672112,0.0537936,1.00034493,0.002038434,0,0,0.550363384,0.280021041,0.250625894,0.998419219
TIC 377459689,252.100755,17.13323328,0.57521525,7388,35,32.54230789,0.202606535,0.921069486,0.014802602,0.794378012,0.029708262,0.91503868,0.002104388,0,0,0.471323677,0.457712707,0.723930162,0.997158923
TIC 231075361,67.717268,-66.831359,0.319890893,5744,17,39.82738678,2.273706198,0.672396633,0.154825143,0.380539929,0.253618195,0.931512451,0.026780126,0,0,0.447438903,0.378748476,0.552501921,0.995942812
TIC 252096958,15.53818216,59.92862252,1.164730955,6857,114,63.01956068,0.243035666,0.485090418,0.037256731,0.115132342,0.012946237,0.961800748,0.003019888,0,0,0.452759179,0.326779034,0.4615435,0.998141158
TIC 377296926,286.8154753,55.01279265,0.431434972,6368,20,76.55099608,0.328279682,0.179348254,0.002917599,0.752732705,0.038969818,0.977709063,0.002112115,0,0,0.564584309,0.280857034,0.221374463,0.999393731
TIC 322512913,43.27288672,-20.52748576,0.458499707,6777,25,72.25116459,0.463751264,0.152584115,0.002674914,0.230966833,0.034239661,0.902844411,0.00325886,0,0,0.554724622,0.242356337,0.137083771,0.998475933
TIC 431338625,344.110857,52.131725,0.599800479,7643,184,88.50153029,0.776567482,0.518645017,0.00384606,0.887400346,0.012105288,1.017627203,0.00171515,0,0,0.510341173,0.401219718,0.633064535,0.997670081
TIC 68901227,249.6905829,39.38902812,0.275506575,5029,11,58.91691193,0.686754047,0.648204956,0.217521949,0.138864929,0.028695249,0.931574462,0.007516486,0,0,0.429717675,0.353928676,0.51159731,0.999120984
TIC 355601553,357.6892727,-59.54030189,0.429621818,6583,6,30.09070734,0.111475601,0.078550802,0.004351982,0.689707975,0.061679357,0.714588675,0.011520903,0,0,0.615585601,0.21306523,0.034786945,0.99508073
TIC 232449809,93.452051,5.953134,0.500465202,6208,32,73.93903857,0.614820095,0.434188593,0.055813264,0.156060824,0.018686406,0.993527891,0.001508101,0,0,0.46508144,0.320377452,0.463367026,0.999445529
TIC 387463207,42.46787722,8.938122496,0.379998069,6026,20,78.22539616,0.376436326,0.341487899,0.008722784,0.274954223,0.008257302,0.974860609,0.000935657,0,0,0.492599176,0.308186284,0.356019373,0.998355517
TIC 144500485,84.42670105,-41.02327656,0.568764262,6052,37,74.06461051,0.489715724,0.100881941,0.001337044,0.040809454,0.013546111,0.892099559,0.003955823,0,0,0.580767592,0.207374028,0.085930692,0.995642844
TIC 434515577,190.062648,-18.800298,0.316647386,5970,3,61.75244103,0.50076005,0.081828401,0.00476157,0.538663221,0.041574969,1.014320485,0.00212216,0,0,0.609098818,0.210845231,0.122901189,0.999547627
TIC 408242182,63.12468199,32.63955533,0.619927566,5777,25,37.38013043,1.037138378,0.826648615,0.147146094,0.269726405,0.110332604,0.890203917,0.029737074,0,0,0.421296623,0.388151676,0.554344394,0.99603024
TIC 100765074,311.4133084,-51.04529154,0.453495674,6680,37,76.45881158,0.088535502,0.208078042,0.000825768,0.656679523,0.010469509,0.983486251,0.000621319,0,0,0.550241317,0.28861781,0.253217326,0.99980298
TIC 193823999,268.8993431,43.80559676,0.369770861,6564,52,88.65455994,1.199375796,0.247418676,0.001372484,0.265256422,0.015758593,0.989957816,0.001446318,0,0,0.51795936,0.280835715,0.282413408,0.999331771
TIC 141606986,88.75295588,-72.69334137,0.343684286,5651,106,88.3294,0.3565,0.5309,0.0028,0.1505,0.0094,1.0641,0.0011,0,0,0.4476,0.3373,0.6993,1
TIC 143100813,256.8201895,17.42684214,0.387614927,6406,36,71.43865524,0.705983307,0.256687788,0.024549674,0.301788453,0.022419423,0.991954314,0.001438363,0,0,0.51690935,0.285941948,0.294551286,0.999738053
TIC 233904049,304.745613,56.60533999,0.311230063,5398,96,89.95167538,0.061722206,0.515490472,0.001732968,0.259653859,0.006691134,0.971986819,0.000643325,0,0,0.458254764,0.343354306,0.501840198,0.997676917
TIC 80312842,165.2437873,-53.05331716,0.521420816,7134,20,51.26000466,1.193073045,0.067945868,0.01498167,0.687640442,0.188062501,1.075112915,0.014327487,0,0,0.624572699,0.203173836,0.125026433,0.99484713
TIC 357372327,218.127245,50.82796838,0.42031148,6247,129,77.22446811,0.214485959,0.48976818,0.018309813,0.309575376,0.009258466,0.978093383,0.000526676,0,0,0.466109426,0.342680333,0.498311205,0.999389508
TIC 178859380,194.7071324,-36.97582482,0.330862737,5551,102,83.515,0.0867,0.355,0.0009,0.2903,0.004,0.914,0.0004,0,0,0.4904,0.3126,0.2878,1
TIC 410155126,352.9478133,-69.68718243,0.727199147,7686,54,36.7913316,1.371443415,0.167216538,0.043934021,0.146434176,0.168347416,0.835339149,0.06132073,0,0,0.544228903,0.245049244,0.11856401,0.996031892
TIC 415969184,342.1486374,-20.31193519,0.948332794,10355,291,87.95234561,1.801032776,0.169635939,0.001115556,0.343491061,0.02182929,0.844053986,0.002111548,0,0,0.550963763,0.255377552,0.141599489,0.998819834
TIC 404460906,15.8639747,-12.17306388,0.586036719,6906,20,49.38366974,0.487852606,0.980661168,0.023317396,0.671006565,0.043244614,0.935039804,0.00338253,0,0,0.452477641,0.449181728,0.801776025,0.997187374
TIC 398336271,295.1774277,86.35251456,0.536730048,6458,55,82.59834976,1.06235912,0.137299293,0.002691874,0.367576455,0.057511303,0.965198529,0.003569078,0,0,0.5677204,0.24069311,0.157455997,0.997869597
TIC 9845586,48.21650797,-7.738928776,0.359933874,5716,24,86.17363416,0.509463541,0.671744904,0.01677047,0.178840498,0.015212599,0.987436022,0.001830339,0,0,0.430029788,0.360566076,0.670682824,0.998812272
TIC 255907472,247.0720691,37.19004014,0.337250358,6000,17,73.90047675,0.467943581,0.299302259,0.016285258,0.031095504,0.001588526,0.981125678,0.002114668,0,0,0.489727174,0.28197748,0.31167865,0.997263606
TIC 398985393,192.718452,-19.317329,0.439176801,5827,25,39.62470999,1.040881129,0.917778048,0.068775846,0.781529319,0.128363993,0.957042754,0.005109455,0,0,0.469855994,0.455609391,0.804768176,0.999148625
TIC 142013583,96.202975,-72.010994,0.322140118,5512,36,50.75697786,1.389226926,0.158792669,0.039203584,0.47407961,0.233533671,0.98499695,0.016209874,0,0,0.561109152,0.256489134,0.19365079,0.990059174
TIC 168005331,152.3240145,-26.63714695,0.71168057,6968,27,63.656581,0.620201468,0.473120292,0.17622736,0.07506331,0.030253393,0.997321367,0.00566096,0,0,0.452126901,0.321668541,0.501951488,0.997706986
TIC 40083136,7.238546682,-8.210490652,0.23578065,4677,5,70.17605366,0.703003453,0.248663274,0.024023178,0.214929345,0.032837665,0.974592687,0.002055757,0,0,0.515015235,0.278359124,0.260474613,0.996711916
TIC 392536812,280.4674436,58.05647313,0.590488075,6585,18,76.33879733,0.402683597,0.098965551,0.001749862,0.540911603,0.050556392,0.993850397,0.002664882,0,0,0.596466362,0.224028808,0.134737075,0.997886589
TIC 27073513,294.1693871,50.85707438,0.667511574,6600,34,76.4103476,0.917104618,0.094011853,0.00282767,0.480862439,0.083026964,0.99892228,0.00553214,0,0,0.598232406,0.218285255,0.129091121,0.99646924
TIC 260708271,98.459591,-59.062738,0.358936992,5997,29,55.99924816,0.199499432,0.945948318,0.054358305,0.120433025,0.008269344,0.946150285,0.00467629,0,0,0.396084201,0.386341206,0.787832314,0.998350384
TIC 393871721,261.1732081,13.89944654,0.457737372,6538,141,79.11309541,0.184096077,0.307227946,0.002911495,0.163555013,0.013539926,0.925366736,0.001669468,0,0,0.494774701,0.2921883,0.270426384,0.998291897
TIC 167719897,103.282752,-65.701781,0.513076107,7449,152,37.80139282,1.637631157,0.817792586,0.1489715,0.733755142,0.196318343,0.935901019,0.016475108,0,0,0.470151921,0.436325037,0.707402708,0.994214077
TIC 142109430,99.274246,-76.410648,0.613802787,6566,40,65.7456101,0.35748972,0.124463565,0.00360584,0.624883958,0.016835152,0.859879354,0.001702114,0,0,0.583681191,0.244324627,0.102980907,0.996145941
TIC 457172621,57.70570447,3.429259143,0.452234194,6901,38,62.23763311,0.480066047,0.294638114,0.043682624,0.835525358,0.086154635,1.01899265,0.007248958,0,0,0.53798203,0.33394847,0.392397687,0.999452426
TIC 69838619,337.8142092,-20.5424261,0.383246857,6669,5,86.62323304,1.260260734,0.128804227,0.001839296,0.609102711,0.037774703,0.969283039,0.002904766,0,0,0.58081603,0.246297108,0.158262909,0.998887383
TIC 198037139,61.45751032,-54.04346309,0.360045136,6141,8,87.54267342,0.816701357,0.154577505,0.00111415,0.554212492,0.020773618,1.00683368,0.000939584,0,0,0.566202521,0.258162621,0.20604604,0.999482144
TIC 158673914,165.079491,-40.788962,0.373097477,5880,115,89.69610242,0.216230539,0.485107144,0.001973511,0.37067778,0.009921782,0.97016824,0.000984491,0,0,0.471450321,0.3466854,0.480262898,0.998107329
TIC 410299018,149.779699,-22.142026,0.356114424,5697,38,42.70054025,0.738936402,0.204864788,0.023454329,0.292555319,0.089530294,1.020727549,0.013416581,0,0,0.534218251,0.267379346,0.265470974,0.997075306
TIC 166853161,40.52435893,-48.6728016,0.297214173,5587,6,53.12068083,4.830822336,0.876264949,0.056136916,0.062842249,0.304740635,0.957998151,0.010852805,0,0,0.397243402,0.374022813,0.758568077,0.99668768
TIC 115906237,84.58317628,32.77715407,0.344487392,5656,20,81.87543124,0.488545473,0.149056079,0.001518328,0.394984328,0.030664114,0.989714949,0.001779249,0,0,0.56266099,0.247983525,0.184192644,0.998755011
TIC 151233402,91.25112274,12.55131439,0.809243859,9273,248,81.50934362,0.052448099,0.314652114,0.000920479,0.734352249,0.00962339,1.000666137,0.00064875,0,0,0.527413917,0.33291093,0.386547684,0.998515292
TIC 242944454,58.6048753,12.06883916,0.404830293,5710,23,77.91807238,0.130984457,0.238135068,0.001045278,0.315970725,0.010146662,0.976136166,0.000985719,0,0,0.523537839,0.280638793,0.260326973,0.998608282
TIC 115412010,252.0647209,44.74131042,0.301884367,5459,11,78.79344527,0.203271681,0.296489234,0.001783371,0.240552707,0.013250738,0.913024546,0.001149469,0,0,0.502035274,0.29409098,0.241568263,0.997853661
TIC 161825615,239.9388449,59.68894715,0.394291583,6045,121,30.23637447,0.211461828,0.29293284,0.036977677,0.479806751,0.100749687,0.785327507,0.02014976,0,0,0.516652631,0.308309661,0.1425523,0.996438649
TIC 357512000,186.725989,-78.654709,0.880016246,7314,20,71.87563177,0.440943721,0.259151014,0.010409102,0.032791266,0.003667397,0.778457955,0.004997381,0,0,0.502418238,0.271175837,0.132329381,0.995190479
TIC 198457457,261.8344024,56.37497584,0.403191948,6504,24,57.36049434,0.571993804,0.3622297,0.067512899,0.288920886,0.065107989,0.952506525,0.005992981,0,0,0.488729417,0.31422142,0.35090347,0.999496008
TIC 177258700,102.249551,-73.364012,0.687817396,6951,76,83.06399633,0.193935846,0.272138585,0.001018633,0.60565275,0.007584655,0.975841605,0.001109613,0,0,0.529192721,0.309852823,0.308983831,0.998116461
TIC 57229962,251.1066361,41.9691971,0.42343327,6450,9,72.34301978,1.12739425,0.212527389,0.024336192,0.557805922,0.051620438,0.980878252,0.003126395,0,0,0.543948796,0.284805121,0.251392597,0.998862069
TIC 155998626,235.7510476,43.26536574,0.640771017,6758,27,69.99960383,0.315605096,0.108551878,0.001530945,0.28330132,0.031388374,0.962343171,0.002807622,0,0,0.582283494,0.220870255,0.126311524,0.99845923
TIC 89428764,323.0389793,-34.71427191,0.376518034,7017,50,77.10221203,0.137245394,0.151654832,0.000705713,0.332350856,0.014023114,0.972653952,0.000849376,0,0,0.559005411,0.246451896,0.176090753,0.999619369
TIC 72637266,31.99814836,-28.97813475,0.422444232,6335,5,67.46983356,1.250228018,0.131513685,0.019079791,0.799318628,0.07096779,0.963958834,0.00355393,0,0,0.586321728,0.256580375,0.163048149,0.999418945
TIC 436660156,72.91173344,13.38099741,0.414823969,5588,30,77.88740727,0.252169677,0.229028898,0.001844137,0.499441641,0.024926141,0.977370467,0.00167028,0,0,0.535695675,0.287897317,0.25906379,0.999535723
TIC 214657111,349.0130241,-15.89206633,0.469904084,5758,7,63.70220751,0.65144111,0.143664818,0.01278086,0.656658472,0.052025466,0.962168206,0.001755284,0,0,0.575207686,0.257112061,0.167975136,0.999855359
TIC 260411041,152.6384705,-43.36006734,0.402867318,6665,34,82.22426587,0.473086852,0.138226624,0.001648883,0.633694025,0.030545147,0.969558195,0.00161424,0,0,0.576934903,0.2529454,0.16844447,0.999148885
TIC 138256097,220.7723431,30.40986118,0.463641484,6704,36,80.00146478,0.293108256,0.252187599,0.002107534,0.344723989,0.021579486,0.980480659,0.002075452,0,0,0.520529415,0.287005521,0.282433096,0.999344655
TIC 167338355,98.34559,-70.124808,0.288410133,5206,37,89.4341,0.6024,0.4896,0.0045,0.2888,0.0242,1.066,0.0022,0,0,0.4646,0.341,0.6744,0.9945
TIC 192542237,154.4907982,-23.54850615,0.623908465,6791,18,52.94535764,0.682228391,0.092331552,0.017180711,0.342683784,0.141586738,0.946486981,0.006138987,0,0,0.595662008,0.212264392,0.105986067,0.999227223
TIC 185223458,173.9556578,-6.429148683,0.277279009,5876,24,81.28397864,0.204870933,0.312855867,0.001508558,0.091381992,0.013835284,0.954852201,0.00174488,0,0,0.489181895,0.289130422,0.297306825,0.998459106
TIC 11480757,303.9830976,37.45431286,0.4038864,6673,27,72.86528616,0.488771193,0.112310234,0.002376116,0.503730601,0.061694993,0.973300544,0.003128719,0,0,0.586678518,0.231669592,0.13967651,0.998542708
TIC 336674747,354.4009508,7.048406419,0.365949234,5622,23,72.53904636,0.141448438,0.919844871,0.083764766,0.083706877,0.010674814,0.979288766,0.003386074,0,0,0.394988008,0.380313094,0.859981071,0.996467387
TIC 178834939,150.8725225,-3.013135185,0.339846809,5621,104,82.96181144,0.102034573,0.467060575,0.001807672,0.165943052,0.005890985,0.976807518,0.00061863,0,0,0.459581151,0.327362847,0.464758323,0.999028745
TIC 468670361,19.08757927,76.80271562,1.149758423,7201,172,61.40311645,0.557542275,0.113810801,0.008275859,0.303977614,0.026889982,0.794133328,0.005388602,0,0,0.579437675,0.2248564,0.071795742,0.998927225
TIC 405352433,22.56860021,13.55700902,0.324578008,5502,100,83.10949563,0.145891037,0.440712056,0.001695032,0.135611235,0.005201039,0.992939901,0.000519297,0,0,0.462425887,0.320153036,0.466605429,0.999067776
TIC 461662516,124.3638845,51.8630392,0.373142904,5880,115,71.3249,0.3317,0.5555,0.0514,0.3091,0.0155,0.9934,0.0013,0,0,0.4561,0.3543,0.584,0.9989
TIC 121274442,287.439469,39.55146695,0.735853026,8702,226,58.91507,0.544937216,0.101961712,0.007723031,0.226887624,0.038482115,0.80320928,0.006351759,0,0,0.585240627,0.21467114,0.073307464,0.998196485
TIC 193728983,267.9250557,47.97519972,0.455229169,6091,13,84.30952877,0.214915857,0.425405886,0.00272274,0.369895054,0.013773925,0.992643231,0.001237403,0,0,0.481495946,0.334450647,0.464743489,0.997710982
TIC 121009628,55.5613719,-20.14608195,0.282144828,5137,11,83.66892604,0.332780562,0.46945392,0.003768668,0.252947168,0.015085169,0.93892229,0.001047337,0,0,0.465352087,0.334426278,0.401556158,0.998207709
TIC 302125867,307.3192512,-29.93535621,0.389668017,6221,43,63.89876068,0.109100021,0.960780376,0.056822272,0.168583997,0.006325027,0.989818905,0.002365316,0,0,0.399440561,0.392441561,0.935604461,0.998453417
TIC 47626069,278.7916066,51.88789363,0.410109466,6447,5,58.81199086,0.567402213,0.210990731,0.03243209,0.60227782,0.092919511,0.980238382,0.004269416,0,0,0.546627503,0.286709138,0.250366816,0.999563217
TIC 219494344,243.7751598,44.97269967,0.345383923,6158,9,63.19275242,0.120806592,0.98609312,0.017785298,0.183697565,0.006992527,0.972927768,0.002305327,0,0,0.398798418,0.396350449,0.902456721,0.998773975
TIC 445133704,11.12758944,54.00423088,0.324071694,5666,22,68.1737626,0.263203164,0.180309331,0.004839002,0.551831545,0.021461656,0.888376145,0.001522189,0,0,0.55528518,0.270575213,0.1498431,0.995329912
TIC 349294422,52.06230433,30.02198957,0.310323761,5503,68,34.98935561,2.217697935,0.879104945,0.130581297,0.622053798,0.31058267,0.938565497,0.034066497,0,0,0.453213532,0.431287088,0.715019115,0.996236315
TIC 356199330,266.9147757,53.82203694,0.346753547,5634,80,32.59255126,1.588592166,0.639733369,0.19303758,0.443100989,0.192766186,0.860085491,0.049606808,0,0,0.456709484,0.379658229,0.388830651,0.995183357
TIC 284890361,260.4362824,54.55921378,0.336311625,6139,9,78.07144485,0.599732194,0.35096597,0.016433389,0.415054933,0.013027619,0.987243499,0.001444774,0,0,0.499219895,0.320209707,0.386953108,0.999368077
TIC 445924091,47.84452325,9.183954808,0.463727951,6705,64,77.07564158,0.344041594,0.104606787,0.001078089,0.335240707,0.027812494,0.992291348,0.002589367,0,0,0.586534323,0.220303004,0.13561599,0.998068256
TIC 241393039,24.38849128,-2.140212584,0.371384178,5866,114,89.45106484,0.178386032,0.465656933,0.001776157,0.282754757,0.008122628,0.98146212,0.000690495,0,0,0.468160497,0.335995757,0.478785631,0.998725439
TIC 13070701,75.88998302,-25.36549124,0.414022809,6690,7,79.23131142,0.30773397,0.119054995,0.000945594,0.379864722,0.023186713,0.969080005,0.001529042,0,0,0.578566499,0.23095215,0.141747377,0.999338652
TIC 18636142,266.8689707,32.35754094,0.431528299,6530,27,57.13692898,0.539906286,0.228297529,0.038928534,0.341233841,0.071842412,1.0228742,0.003730561,0,0,0.528073156,0.278634934,0.294419156,0.998783214
TIC 123038007,279.1171594,45.93977121,0.422731719,6702,45,86.88470989,1.395379441,0.167938631,0.002451324,0.693268026,0.038472678,0.970432091,0.002391553,0,0,0.566274881,0.271929113,0.203030144,0.999105499
TIC 50894724,127.0794914,-10.70782661,0.407532038,6278,35,61.45679321,1.01338201,0.225391457,0.055389807,0.314281607,0.099532443,1.032487164,0.006700766,0,0,0.527760181,0.276104818,0.298720068,0.997920613
TIC 200670652,3.302846791,-52.97785914,0.300142316,5312,92,66.82682572,0.394944861,0.1549664,0.006681587,0.576593402,0.034827559,0.916853031,0.002380646,0,0,0.566916285,0.259432429,0.145510937,0.996498271
TIC 428772119,26.49425878,80.08203473,0.319030349,5459,98,89.87447855,0.149195713,0.444904668,0.001432278,0.206570818,0.008512564,0.965066818,0.000709869,0,0,0.466490957,0.326190358,0.426729785,0.998073862
TIC 164720673,25.72832355,-20.12448845,0.366017422,5825,112,78.87581432,0.226487455,0.141982747,0.000835132,0.504316809,0.016455918,1.005402459,0.001043025,0,0,0.570270052,0.249196909,0.18893207,0.998300029
TIC 268686130,17.72335165,-18.96064947,0.467212014,7094,26,83.75535419,0.591176837,0.188056068,0.001602452,0.251384762,0.024059941,0.958331464,0.002182097,0,0,0.539139679,0.258701435,0.201176545,0.998926055
TIC 237092476,231.2113762,24.99544284,0.244702751,5356,16,79.38682388,0.529038991,0.331824106,0.0082947,0.122186323,0.024042385,0.984295856,0.002631842,0,0,0.485881931,0.295775937,0.348416065,0.997430913
TIC 257073305,116.890946,4.914124751,0.65500178,7195,36,38.4545,0.6227,0.3894,0.0543,0.5435,0.0496,1.0952,0.0081,0,0,0.5002,0.3394,0.5807,0.9976
TIC 98828631,45.72490934,-15.90114168,1.014523672,6158,33,69.8166973,0.777376675,0.176361165,0.011851397,0.227967036,0.021283275,0.939592452,0.001822007,0,0,0.543235383,0.252756908,0.174204916,0.999674423
TIC 156380098,159.886355,15.331026,0.345382235,5664,106,44.88851927,1.864042169,0.976599585,0.02161808,0.633027501,0.185567906,0.947601755,0.008821224,0,0,0.448108161,0.444092016,0.809605313,0.998012158
TIC 179244391,79.63560612,-68.2257715,0.285415343,5198,88,82.16012655,0.125877342,0.454110269,0.002476442,0.209165959,0.009641598,0.931855445,0.000609364,0,0,0.464971196,0.328168987,0.376357175,0.998546886
TIC 342334344,326.6692636,57.29351973,0.902074234,7175,26,87.52683115,0.264782032,0.704099603,0.004815724,0.062650157,0.00715905,0.891451018,0.001210822,0,0,0.416291337,0.35470483,0.512311649,0.999330735
TIC 237130278,277.8057295,52.78541249,0.412903656,6685,46,76.83924626,0.350164439,0.154470948,0.002112207,0.564696076,0.039282573,0.971040478,0.002360271,0,0,0.566666146,0.258606594,0.184553125,0.999390753
TIC 312286761,313.3469238,48.51458581,0.509539128,6941,156,75.0703,1.1943,0.3892,0.057,0.4946,0.04,0.9973,0.0023,0,0,0.4969,0.3356,0.4431,0.9955
TIC 219517559,247.150603,47.299536,0.359911693,5777,110,84.20426361,0.310692815,0.492089169,0.00418135,0.20223181,0.010381633,0.972623118,0.001239611,0,0,0.457802029,0.334683318,0.482997527,0.998555554
TIC 331377569,310.7749192,22.48186414,0.454258533,6282,5,73.44951726,0.389212933,0.169425462,0.002466178,0.707279532,0.031884083,0.979968024,0.001941941,0,0,0.566294006,0.273419931,0.210947806,0.999414087
TIC 323442776,70.900052,-84.811119,1.14929287,6095,17,80.0703,0.0604,0.3039,0.0008,0.3319,0.0058,0.979,0.0005,0,0,0.5053,0.3019,0.3284,0.9986
TIC 121213501,287.3408867,38.32567437,0.473627339,6276,7,80.89122041,0.545176563,0.242849551,0.004167798,0.765171414,0.03832587,0.979266256,0.002745631,0,0,0.545744739,0.30963783,0.288995242,0.999259108
TIC 384355530,136.1485032,-54.01643835,0.96071918,6852,24,88.71848296,1.166250768,0.210386246,0.004229391,0.577732744,0.069218468,0.718163088,0.009027415,0,0,0.545630919,0.285059598,0.084600069,0.996451834
TIC 164776925,27.39038446,-19.62479227,0.340797593,6032,20,79.3678,0.9152,0.5392,0.0069,0.0404,0.0003,0.9687,0.0008,0,0,0.4381,0.33,0.5095,1
TIC 141871560,94.11558288,-74.44703126,0.629708527,7008,49,83.951,0.8879,0.186,0.0022,0.5698,0.0301,0.9876,0.0026,0,0,0.5539,0.2741,0.2276,1
TIC 320268279,7.46965392,56.96680762,0.45093949,6675,51,82.889,0.4557,0.4345,0.0132,0.5845,0.0445,1.0158,0.004,0,0,0.4956,0.3535,0.5215,0.9977
TIC 7724421,66.41135971,-38.05948092,0.641123459,6506,32,68.46300617,0.581999921,0.087452296,0.001760603,0.255267509,0.060147212,0.901288347,0.004059674,0,0,0.597196851,0.20583236,0.083941134,0.999397258
TIC 165458777,180.151347,-39.259732,0.29283663,5255,90,89.84546276,0.165166813,0.432647078,0.001296315,0.32586289,0.007549858,0.98117858,0.000708994,0,0,0.47708022,0.332652026,0.447986134,0.997410392
TIC 257060367,329.9250836,36.28396748,0.526901109,7846,14,69.32900434,0.555224435,0.358227465,0.030620982,0.032586245,0.002764722,0.908237089,0.003210161,0,0,0.473944187,0.296061832,0.298155586,0.998542967
TIC 29848012,23.56807566,-7.410552795,0.349010465,5770,8,88.94960751,0.908426171,0.368229549,0.00158516,0.142651974,0.008444633,1.004422294,0.000997834,0,0,0.478224488,0.305619538,0.413282172,0.998772473
TIC 375854100,336.1062519,70.3326651,0.266511801,5136,21,89.90280373,0.103187275,0.684974446,0.0064024,0.652852952,0.018598355,0.951120059,0.001306375,0,0,0.471878633,0.407488219,0.604801457,0.993457172
TIC 34274139,62.09214913,-8.074625954,0.420026031,6288,34,50.9341867,0.665331926,0.159615607,0.029895225,0.757485368,0.15668408,1.010471371,0.007684589,0,0,0.572318305,0.270906127,0.222777128,0.999288137
TIC 18566969,266.7690728,29.8979594,0.56370169,7138,23,59.79731434,0.351884769,0.971053113,0.042386243,0.208981335,0.02458406,0.948463198,0.007724579,0,0,0.402552392,0.39742386,0.83245199,0.996732608
TIC 107011293,162.0119543,-39.11853769,0.946477527,7141,23,57.85254847,1.116889078,0.151579208,0.027426147,0.123377526,0.066271157,0.881613264,0.009359331,0,0,0.551263444,0.237128469,0.125564428,0.998120123
TIC 423833748,62.65624805,-38.92805201,0.427051757,6378,14,66.90136464,0.709512448,0.200546736,0.020107134,0.673593775,0.061287993,0.978415322,0.001776779,0,0,0.553542659,0.286316217,0.240526711,0.999830677
TIC 33004581,88.03506715,-27.71277633,0.621562386,7604,3,52.53911542,1.878003219,0.948134954,0.049779381,0.503116922,0.141842201,0.934888375,0.00765324,0,0,0.435059214,0.425912395,0.790960718,0.994457939
TIC 31655792,46.57188415,-68.20823853,0.415859052,6296,5,78.44518964,0.167873967,0.278069209,0.00157369,0.329693574,0.008512483,0.950794164,0.000939849,0,0,0.512102341,0.294265214,0.275933428,0.994519649
TIC 374828411,54.99604591,3.241692181,0.282780264,5177,87,89.96518222,0.050344508,0.6599087,0.002310173,0.339410974,0.009872479,0.964101173,0.000789146,0,0,0.445226474,0.373166047,0.606615063,0.995869766
TIC 50742258,82.86005255,-0.975868168,0.853054938,6621,26,62.54915508,0.663798327,0.166243864,0.019290771,0.220469237,0.039341962,0.959282547,0.002292536,0,0,0.547601051,0.248068811,0.1786199,0.999202114
TIC 5674169,33.03655255,27.13839738,0.317981441,5664,17,87.03622007,1.699113883,0.226996841,0.003284591,0.527658793,0.041473839,0.99528633,0.002051279,0,0,0.537763769,0.28876828,0.275438967,0.998489328
TIC 340782794,19.15862735,-39.70870366,0.379717066,6160,6,78.56755889,0.294762106,0.344150531,0.006452749,0.114971425,0.008190493,0.997402867,0.000938566,0,0,0.482332481,0.298252783,0.378494118,0.999616226
TIC 115046240,72.98398721,-16.49657619,0.345891049,5668,106,66.98618434,0.800754227,0.209274474,0.027200786,0.259482307,0.033635105,0.988903021,0.001612407,0,0,0.531031967,0.267299032,0.240492366,0.999458309
TIC 257525627,45.81175976,-23.1866686,0.456310804,6278,21,80.24094697,0.238442183,0.219380345,0.001286299,0.635800462,0.017929158,0.967415329,0.001336102,0,0,0.54561158,0.292111369,0.248500826,0.999292093
TIC 100735916,311.0687067,-53.84453758,0.40522003,6611,4,56.98249718,0.463661345,0.134940648,0.011985833,0.786150833,0.089246886,1.003402602,0.005762684,0,0,0.584203516,0.258093564,0.188038201,0.998994306
TIC 73455146,190.906603,-46.934674,0.669278873,7314,53,83.13408345,0.216587616,0.20920899,0.0010004,0.535986166,0.012895807,1.011830022,0.00080656,0,0,0.544010789,0.282226666,0.270370591,0.99801838
TIC 41533230,93.77948,-71.57012,1.418807589,5928,13,55.06419657,1.229281105,0.089913436,0.020424529,0.63107037,0.195776191,0.933771421,0.009918695,0,0,0.605391376,0.220502193,0.101004037,0.998301762
TIC 198389193,258.1937792,54.15064227,0.534679205,6951,10,63.77438115,0.422765418,0.655813006,0.154850548,0.058573142,0.021887543,1.000587138,0.004322911,0,0,0.422192051,0.348180686,0.6815628,0.997802626
TIC 271495349,117.715639,3.650932696,0.551154896,6577,21,88.88784903,0.736453806,0.45402508,0.001918372,0.482044349,0.010004817,0.986470606,0.000797485,0,0,0.48479689,0.349389472,0.488751669,0.999843564
TIC 349160488,205.0891224,-23.03400277,0.685953613,7021,29,57.4521084,0.338604319,0.119452526,0.022007794,0.614963173,0.15274487,1.060920592,0.002972508,0,0,0.586104636,0.24075155,0.192642731,0.99737633
TIC 158565141,222.3652286,57.29863449,0.275211638,5050,5,63.28715119,0.06262599,0.985050758,0.021553517,0.061151322,0.002779758,0.922098602,0.00101393,0,0,0.386976227,0.384327705,0.713907049,0.999179902
TIC 154875092,195.9122416,88.40201727,0.366632472,5829,113,62.58276977,0.231385259,0.843554435,0.128407417,0.092070583,0.013332341,0.969095958,0.00420469,0,0,0.403179009,0.373315547,0.770333208,0.998105151
TIC 414829771,14.56613148,13.80312391,0.677423078,6775,25,64.64818303,0.247893116,0.342329777,0.017803191,0.080716614,0.007949753,0.973828575,0.001965559,0,0,0.48077196,0.29559742,0.347947442,0.99964215
TIC 116520408,234.1439947,46.63589009,0.290934947,4997,60,70.05464974,0.436577466,0.275212283,0.014557121,0.26944371,0.017330553,0.920832875,0.00135852,0,0,0.509643413,0.289734499,0.229621772,0.998171519
TIC 358179405,107.081637,-74.224548,0.291741378,5247,90,60.31340867,0.646159771,0.687874078,0.194952915,0.057568787,0.020487251,0.920356817,0.00853571,0,0,0.417915814,0.352238157,0.515601958,0.994915571
TIC 9070070,356.8264397,-8.086693709,0.48133844,6771,9,68.39229954,0.235306627,0.266392073,0.010719908,0.419656769,0.018840343,0.989509942,0.000960584,0,0,0.520324014,0.296140251,0.308926498,0.999711865
TIC 458490358,240.0604462,35.20880118,0.38072601,6219,7,79.77300841,0.387316197,0.193789467,0.001842116,0.564786767,0.03101053,0.991843093,0.001564035,0,0,0.550787791,0.277300765,0.238885742,0.998359565
TIC 159981348,241.2141693,53.71981893,0.26161377,5502,52,89.41288229,0.830201268,0.613650326,0.005581487,0.280449991,0.018147911,0.971831158,0.001580402,0,0,0.445897906,0.361082551,0.588410592,0.998572834
TIC 54332627,97.7657911,20.19378654,0.466897964,6609,143,30.41641669,0.527355439,0.344722207,0.136229029,0.398581761,0.206501792,0.852489234,0.032652203,0,0,0.499535283,0.317440977,0.233141251,0.991989053
TIC 272079818,296.1496787,47.65326184,0.442699944,6421,136,48.20753331,0.915495725,0.157777714,0.030166431,0.745368165,0.161870813,1.046422365,0.010315976,0,0,0.572562781,0.269283372,0.243967317,0.998105933
TIC 274676647,256.2877704,49.20885496,0.354097735,5732,109,88.47623789,0.982314842,0.32338392,0.0023656,0.215194187,0.014901083,1.005716239,0.001395198,0,0,0.493469503,0.299663827,0.374201626,0.998128696
TIC 420134346,291.2884631,75.54943796,0.601121079,6435,33,76.96995783,0.510882139,0.233044789,0.003247286,0.282024406,0.03241466,0.986119345,0.002868286,0,0,0.523561993,0.276988208,0.265120026,0.996972919
TIC 219176881,91.48674747,-53.71442911,0.463812213,6454,10,72.05177358,0.199925422,0.141037805,0.001428833,0.683391399,0.015441965,0.974998945,0.001236492,0,0,0.577457902,0.256868819,0.175992693,0.99940228
TIC 376939426,19.38514086,7.891689379,0.336475422,6166,12,84.98599214,0.216127202,0.382359315,0.001607584,0.444979388,0.010262507,0.989474492,0.000930213,0,0,0.494764665,0.330225376,0.421585883,0.999343045
TIC 66080183,340.6610906,53.4174535,0.401375525,6184,71,89.97344139,0.032371435,0.597612839,0.002001075,0.694886114,0.006720378,0.958316136,0.000681364,0,0,0.484325327,0.396970123,0.573481909,0.996973686
TIC 41994216,23.65323411,-39.46977507,0.290503275,5595,7,51.43364961,0.241587225,0.978199448,0.026177029,0.147250511,0.010217826,0.868899405,0.005714323,0,0,0.395874216,0.392014558,0.57823872,0.99669796
TIC 447236438,250.7814615,-61.09501215,0.60699312,7046,20,53.31641927,0.499187876,0.971121016,0.025331407,0.257786836,0.028889616,0.918899647,0.005515586,0,0,0.40743533,0.402331083,0.754371946,0.996272996
TIC 332918217,84.873237,-8.14874,0.444243353,6433,136,73.27013072,0.131228849,0.187816655,0.001455369,0.18717689,0.007695638,0.981693741,0.000851684,0,0,0.536511314,0.255421918,0.21215736,0.999794945
TIC 370247078,332.3807182,-59.45525527,0.362596527,6032,9,82.23854109,0.262259406,0.352205869,0.002045517,0.226981095,0.01311511,0.990601791,0.001486984,0,0,0.487144935,0.30759156,0.382490303,0.99827757
TIC 175532970,46.02251822,-39.86803778,0.602188853,6669,28,72.8348567,0.279247175,0.086493131,0.000979861,0.232132963,0.032337572,0.941115457,0.00180732,0,0,0.597389069,0.204379501,0.095299301,0.998967443
TIC 417052182,304.2117384,41.96146001,0.313293695,5862,6,89.22769612,0.887009078,0.14107547,0.001779579,0.526439602,0.032696939,0.948073676,0.002148546,0,0,0.571543771,0.249694449,0.154353051,0.998390924
TIC 289370888,278.068073,41.84617887,0.859722345,6007,5,89.76450301,0.331902309,0.711600056,0.007312822,0.350507525,0.017909806,0.910210214,0.001901328,0,0,0.440436956,0.38145212,0.535449649,0.994587226
TIC 142619515,171.0222346,77.8711371,0.269919672,5320,8,85.1593,0.9358,0.266,0.0034,0.2518,0.0443,0.94,0.0021,0,0,0.5114,0.2859,0.2448,1
TIC 32200310,332.4455443,-27.06708848,0.36033903,5613,17,78.9963,0.068,0.9285,0.2711,0.1744,0.0077,1.0537,0.0012,0,0,0.4028,0.3898,1.1233,0.9958
TIC 372366518,331.9805286,36.68557245,0.558541459,7322,171,86.73110528,0.926852844,0.273917768,0.001531947,0.387564614,0.012953811,0.996619182,0.001515247,0,0,0.516449767,0.296555756,0.320263453,0.998553036
TIC 292753203,275.178834,-74.36985502,0.505907828,5896,57,82.89026307,0.51047389,0.427978057,0.006215987,0.308824269,0.027461892,0.998604919,0.001795621,0,0,0.476745355,0.330391134,0.473097518,0.998578336
TIC 157175641,175.700341,-35.816049,0.370141836,5857,114,84.8961,0.7095,0.3171,0.0013,0.2107,0.0314,0.9892,0.0028,0,0,0.4948,0.2978,0.3467,1
TIC 55778901,182.2604165,56.03165374,0.354517518,5735,109,85.432064,0.149280316,0.440903251,0.001077987,0.168038455,0.005932689,0.986608432,0.000491073,0,0,0.464596227,0.322563471,0.458171283,0.998895894
TIC 271594955,108.477501,-72.390526,0.411732338,5892,113,73.86603135,0.894662708,0.20784848,0.011338332,0.722014093,0.049800746,0.980904701,0.003883297,0,0,0.553533743,0.292357655,0.252202136,0.998687782
TIC 235067275,85.75724843,-46.43886209,0.3663532,5715,29,65.68760266,0.364548618,0.077285906,0.001506116,0.26879136,0.024194728,0.935744177,0.002193706,0,0,0.606285247,0.198592536,0.0840283,0.995448733
TIC 24066056,276.5671651,34.91894787,0.402218123,6417,6,63.89584286,1.182672151,0.211333979,0.069953125,0.775715096,0.198479724,0.980962582,0.008517803,0,0,0.555150377,0.297148902,0.259405099,0.998571039
TIC 157420463,264.6198977,36.15009311,0.426347972,6313,6,35.78965424,1.290322421,0.861696037,0.116515919,0.752445583,0.183652935,0.96250382,0.011305514,0,0,0.469514378,0.444595145,0.788972845,0.992126983
TIC 142587827,167.8704005,73.11527688,0.439141487,6394,135,86.9252987,0.26990741,0.177360918,0.000577317,0.508679869,0.008975244,0.973790463,0.000441432,0,0,0.554585174,0.267011222,0.207925633,0.999414504
TIC 97328396,31.65952117,14.25770426,0.485088842,5692,14,88.48580024,0.490273338,0.319008627,0.001091933,0.611488415,0.008730346,0.988323412,0.000677032,0,0,0.518622202,0.325237999,0.36696698,0.999377684
TIC 115419820,252.380168,47.10800159,0.878327206,7327,19,65.88177106,0.100576966,0.80235539,0.047149799,0.075525719,0.00465892,0.953430785,0.001869616,0,0,0.406016175,0.3673432,0.712958324,0.997870633
TIC 310169616,239.2721757,50.09108824,0.41143766,6127,5,89.82516845,0.23508789,0.44570258,0.001449363,0.094052171,0.006863823,1.018225997,0.000876705,0,0,0.458641915,0.318073092,0.509815564,0.9990953
TIC 325565137,85.44327992,-86.63317305,0.4488655,6426,27,30.82910574,0.524730663,0.969743604,0.030556296,0.206560906,0.04756045,0.899083742,0.019878806,0,0,0.40242095,0.397056172,0.685720304,0.998932825
TIC 201425836,92.19778609,-34.41656517,0.662035835,8128,203,70.38015804,0.227875654,0.416803147,0.024049008,0.571321437,0.023318001,1.012633039,0.001938388,0,0,0.497493846,0.348243241,0.494484243,0.998351004
TIC 53603189,103.1334276,-25.55842613,0.418588384,6240,12,85.14031285,0.195855699,0.156538096,0.000736786,0.656903412,0.012287757,1.018378012,0.000667621,0,0,0.569455935,0.264162992,0.220317857,0.999252779
TIC 257002707,223.9325128,76.30658223,0.376972721,5910,116,36.76534354,1.138152664,0.063375667,0.019527489,0.795342178,0.217297701,1.027705957,0.012995374,0,0,0.631203396,0.20182024,0.107996218,0.998820972
TIC 193322682,178.1311875,-15.95066424,0.333691893,5586,4,60.98594735,0.46896989,0.134108757,0.010155661,0.414052263,0.037601287,0.974521947,0.001712961,0,0,0.571090829,0.240956457,0.15843641,0.998783745
TIC 18433724,265.9725267,31.53009407,0.407484947,6679,9,72.75205385,0.548126741,0.20600967,0.008881327,0.498057011,0.02551587,0.982117674,0.001915807,0,0,0.543311983,0.278823816,0.243048965,0.999356783
TIC 335667409,214.3145272,-60.25026649,1.346005735,13449,413,85.51888383,0.128501388,0.926523786,0.023430938,0.031803604,0.002260606,0.787460894,0.001265613,0,0,0.389537332,0.37609901,0.569409648,0.998619267
TIC 71026173,65.82161874,-13.04480803,0.679762499,6815,37,65.90820489,0.218568587,0.260736288,0.009636752,0.551859154,0.019514554,1.006603456,0.0015875,0,0,0.529155388,0.302476512,0.324396818,0.997315008
TIC 146637697,42.56634588,-46.81893095,0.271815602,5105,11,80.01861586,0.184819105,0.295224282,0.001630472,0.146848824,0.013074374,0.938376734,0.001100458,0,0,0.497201965,0.28795872,0.260620054,0.998861666
TIC 343409837,310.014981,63.99292325,0.352511737,6151,8,88.9166562,0.714791695,0.125107563,0.00078654,0.477897865,0.015262313,0.993758975,0.001065645,0,0,0.578279804,0.238517923,0.163327707,0.99858473
TIC 461597238,8.767844458,84.9888762,0.891265684,9911,274,33.09615459,0.504920926,0.954390576,0.064780694,0.787044993,0.091714604,0.914730093,0.004877756,0,0,0.468641307,0.460915946,0.780153122,0.998486373
TIC 356198153,266.8831287,50.94251386,0.468181852,7396,33,59.91330893,1.073229759,0.126130102,0.024092032,0.388549908,0.09245583,1.049080565,0.007486055,0,0,0.574665619,0.235422381,0.187779205,0.994744307
TIC 76094083,86.20792293,27.50677392,0.389059906,6326,159,75.22596087,0.401985327,0.269247422,0.008523122,0.270546664,0.013047849,0.987283241,0.001554461,0,0,0.511460578,0.288003786,0.300932009,0.999326131
TIC 125958765,256.896468,-46.67967,0.61686784,7776,189,39.69189452,0.79016264,0.035614144,0.003318407,0.602406443,0.19137585,0.981332114,0.022654912,0,0,0.661121508,0.162560674,0.056117226,0.999028814
TIC 306508587,118.8770416,-66.99569569,1.106736025,5969,13,71.50404871,0.334932698,0.111165388,0.001544292,0.398471522,0.039967404,0.932437783,0.00272362,0,0,0.584089634,0.226856321,0.11631672,0.999124473
TIC 26970485,293.8693349,53.13161625,0.530369524,7242,20,32.91723954,0.73472937,0.861169064,0.126491284,0.813052091,0.128665076,0.922522689,0.008775017,0,0,0.476955387,0.452226018,0.699894067,0.996926805
TIC 452819172,73.18132313,3.210871783,0.412005525,7386,22,73.46346093,0.265748179,0.159806199,0.002113709,0.175031416,0.024040828,0.931443517,0.002878126,0,0,0.548968224,0.243139292,0.15836102,0.998050264
TIC 140627676,70.69267379,72.97830005,0.498206542,6853,153,75.49608747,0.531285688,0.410552444,0.032650881,0.540183823,0.024856265,0.986215797,0.001464697,0,0,0.496275647,0.344272616,0.451487344,0.998099393
TIC 12921082,305.0891556,38.69991351,1.774144031,16780,545,40.60486121,3.738254891,0.532515607,0.151263549,0.55343879,0.171722682,0.832979125,0.026274295,0.688653797,0.062263076,0.479224018,0.371306619,0.425094689,0.995988692
TIC 2940839,81.96833281,34.78284371,1.8125417,21668,711,80.4650617,0.142631621,0.997277464,0.004153059,0.030679608,0.000941861,0.830001648,0.001636843,0.452181292,0.002475957,0.38300672,0.382526604,0.741969083,0.99749947
TIC 308018120,155.056692,-13.860107,0.380837228,5940,117,75.46240238,2.064601631,0.550665827,0.102699142,0.146217448,0.068904372,1.004931592,0.00323301,0.70593591,0.022166249,0.444170414,0.340145542,0.593280808,0.997936851
TIC 121108244,287.0808776,40.04636636,0.395231617,6052,121,85.97006256,1.344357231,0.821580574,0.086588941,0.099936131,0.041691266,0.942032852,0.004321057,0.800491528,0.00521955,0.406149693,0.371669612,0.682737527,0.995199578
TIC 204327008,347.0989618,-19.70390301,0.323035399,5467,14,80.63670679,1.994326428,0.375983918,0.032001226,0.145688024,0.060046634,0.937839317,0.002661136,0.726018257,0.020502349,0.476639673,0.30755071,0.326640707,0.993315317
TIC 152147549,169.881208,-39.846699,0.22953981,4763,71,79.55162214,2.70491569,0.392314435,0.098635775,0.040211523,0.015901056,0.97639844,0.002915142,0.671932383,0.01083225,0.466352805,0.303819096,0.384611342,0.997090918
TIC 2939367,82.04038467,35.28167043,1.630335426,15661,501,89.10512486,3.026946088,0.657919843,0.096824574,0.188976296,0.03591378,0.891220128,0.004725251,0.494762358,0.008573331,0.432610173,0.359562297,0.558027003,0.997939736
TIC 149622009,202.1721349,23.58026121,0.255162609,6328,5,80.58271319,1.60172164,0.385720221,0.030022657,0.114624602,0.03698192,0.926647827,0.003317625,0.818189623,0.008470213,0.47250178,0.307536907,0.329211998,0.997875472
TIC 36883123,43.3950411,-9.208017411,0.335233379,5983,5,74.17398268,0.937715413,0.593628167,0.057263696,0.050804292,0.02187306,0.967326915,0.001141154,0.659160273,0.009661788,0.430365558,0.338975592,0.553313391,0.999538632
TIC 239717578,81.8721889,34.41742686,1.463591006,21549,232,44.61033975,2.936347584,0.292202184,0.03877226,0.885579452,0.080374552,0.728677494,0.019289885,0.494963215,0.066034759,0.541677364,0.337038782,0.220968825,0.992
TIC 358250091,55.67614791,-58.38684512,0.419439297,6240,129,79.82802096,0.908958111,0.500221101,0.052602611,0.043735229,0.012768484,0.96115156,0.002873965,0.727192448,0.006114309,0.445018462,0.323975363,0.465032135,0.996117185
TIC 220654235,245.6239485,-57.52164083,0.47901564,6704,147,77.572278,0.811531965,0.935327878,0.076180183,0.942934512,0.039174119,0.844529309,0.01421577,0.01748382,0.018793972,0.491217284,0.480817716,0.547048159,0.992
TIC 406951407,290.2848891,51.03359268,0.361693539,5791,111,73.76708748,2.816341633,0.717635435,0.15590042,0.233276735,0.122488873,0.932070258,0.005260523,0.672765459,0.039222219,0.429280108,0.371455317,0.580864947,0.99662565
TIC 240175453,169.220108,14.07364151,0.329533277,5595,5,67.04954735,0.445760183,0.986123914,0.013300067,0.878385551,0.018945888,0.861005397,0.001825546,0.592851091,0.00810706,0.479823304,0.477585732,0.564341447,0.992329145
TIC 263035184,264.489157,-39.189643,0.303428837,5359,4,78.96418983,0.866648868,0.424217126,0.012462465,0.059870248,0.014136027,0.937360218,0.0012612,0.643272836,0.007372109,0.460698643,0.311532614,0.358874258,0.99843827
TIC 47935311,280.9704411,50.89411329,0.54927045,6326,4,80.85085595,0.549714515,0.367430949,0.014727145,0.132937519,0.023369009,0.783045512,0.001895528,0.530289454,0.010352195,0.477810301,0.304784588,0.170636571,0.998686905
TIC 179368346,211.860811,-38.594191,0.262717931,5021,81,78.36230608,0.353982477,0.403129876,0.01411699,0.103814354,0.010082455,1.014382644,0.001241443,0,0,0.46800105,0.310429316,0.464883594,0.997746795
TIC 1981434196,316.1203013,70.76388644,0.306251648,5360,94,64.38464577,0.206885572,0.319946819,0.025651814,0.83254091,0.045772512,1.084929444,0.003667866,0,0,0.532874513,0.342289611,0.531251456,0.999641022
TIC 22129510,269.5208499,32.64805939,0.443063158,6442,1,32.72420922,0.619162756,0.149470582,0.018495618,0.629487247,0.063025567,1.065965672,0.004538987,0,0,0.571483155,0.259040433,0.243028617,0.999763425
TIC 428534573,56.2552181,49.61663317,0.376749385,5997,36,61.45485474,0.168353035,0.260503493,0.010142781,0.502671124,0.020466133,1.063505977,0.001577676,0,0,0.526513032,0.299316803,0.385611629,0.999414346
TIC 141179506,180.3881121,43.04164914,0.378881925,6100,12,49.54237753,0.453123932,0.178124271,0.017032717,0.68408824,0.056097018,1.123147596,0.011207652,0,0,0.561956855,0.276508114,0.337174317,0.998015596
TIC 366087912,75.56142083,31.26369162,0.60332945,6830,12,51.0847,0.3711,0.1483,0.0116,0.3611,0.0335,1.0905,0.0036,0,0,0.5618,0.2461,0.2427,1
TIC 1981434198,316.1215712,70.76451428,0.306251648,5360,94,64.70141463,0.182064713,0.337948025,0.020332718,0.856955033,0.033160183,1.085862784,0.003207056,0,0,0.531344556,0.350126138,0.560010318,0.999626229
TIC 41232835,91.980475,-66.360294,0.2393426,5097,40,59.68945911,0.131712586,0.42970818,0.012929216,0.918070976,0.00948826,1.197855635,0.001969606,0,0,0.522788932,0.382616005,0.987418086,0.996768794
